Workbook

Sheet 清單及說明
A1: 有無料號 | B1: YETL | C1: 武器系統代號 | D1: 會計編號 | E1: 參考號獲得程度 | F1: 參考號獲得來源 | G1: 艦型 | H1: 構型報告單位 | I1: 武器級別(英) | O1: 欄位標題說明
A2: 有 | B2: YETL | C2: C35 | D2: B21317 | E2: 2 | F2: 3 | G2: FFG | H2: JSSC | I2: ARS | O2: 此顏色的標題 | P2: 此檔案其他分頁中，紅色網底為填寫的基本資料的部分(會跟其他分頁有標深藍色網底的資料同步)
A3: 無 | O3: 此顏色的標題 | P3: 此檔案其他分頁中，有標深藍色網底的整欄(1~100筆)都有下函數，跟紅色網底同步連結，所以已設定鎖定，因此不能填寫其他的值
A11: 通用
A12: *機密等級 | C12: 資料類別 | E12: *資料類型 | G12: *語言
A13: CONFIDENCIAL_LEVEL | C13: DATA_CLASS | E13: DATA_TYPE | G13: BOOK_LANGUAGE
A14: 1 | B14: 普通 | C14: 1 | D14: 技術手冊 | E14: 1 | F14: 光碟 | G14: 1 | H14: 中文
A15: 2 | B15: 密 | C15: 25 | D15: 技術命令/公報/通報 | E15: 15 | F15: 美軍技術通報 | G15: 2 | H15: 英文
A16: 3 | B16: 機密 | C16: 39 | D16: 期刊論文 | E16: 17 | F16: 發電機調速器調校方法 | G16: 3 | H16: 日文
A17: 4 | B17: 極機密 | C17: 2 | D17: 技術文件 | E17: 20 | F17: 紙本(簡體) | G17: 4 | H17: 法文
C18: 3 | D18: 技術命令/通報/公報 | E18: 22 | F18: 紙本+光碟片 | G18: 5 | H18: 荷蘭文
C19: 4 | D19: 非書資料 | E19: 23 | F19: 紙本,數位檔
C20: 5 | D20: 美軍標準作業手冊 | E20: 24 | F20: 紙本,附光碟片
C21: 6 | D21: 軍書 | E21: 25 | F21: 表格
C22: 7 | D22: 海軍艦艇技術手冊 | E22: 26 | F22: 技術命令
C23: 8 | D23: 航空技令 | E23: 27 | F23: 磁片
C24: 9 | D24: 採購合約 | E24: 30 | F24: 紙本+數位檔
C25: 10 | D25: 規範 | E25: 35 | F25: 紙本,附磁片
C26: 11 | D26: 報告 | E26: 36 | F26: 技術通報
C27: 12 | D27: 期刊/論文 | E27: 39 | F27: 光碟+數位
C28: 13 | D28: 準則 | E28: 40 | F28: 後錨機汽油引擎換用GM-671引擎
C29: 14 | D29: 裝備手冊 | E29: 41 | F29: 技術公報
C30: 15 | D30: 圖書 | E30: 2 | F30: 數位
... C32: 17 | D32: 標準程序書 | E32: 4 | F32: 幻燈片
E33: 5 | F33: 相片
E34: 6 | F34: 錄音帶
E35: 7 | F35: 錄影帶
E36: 8 | F36: 紙本+光碟
E37: 9 | F37: 紙本+微軟
E38: 10 | F38: 紙本+磁片
E39: 11 | F39: 紙本+數位
E40: 12 | F40: 影印本
E41: 13 | F41: 紙本
A47: 書籍
A48: *異動方式 | C48: 艦型/艦艇別 | E48: 後勤文件類別 | G48: *儲放室
A49: MODIFY_TYPE | C49: PROJECT_NAME | E49: DOC_CLASS | G49: STORE_ROOM
A50: N | B50: 新增 | C50: 001 | D50: 通用 | E50: 1 | F50: 補給類 | G50: 1 | H50: 光一室
A51: C | B51: 修改 | C51: 002 | D51: 500MD | E51: 10 | F51: 控制 | G51: 2 | H51: 光二室
A52: D | B52: 刪除 | C52: 003 | D52: E-2T | E52: 11 | F52: 參考資料 | G52: 3 | H52: 軍書室
C53: 004 | D53: FAB(飛彈快艇) | E53: 12 | F53: 聲納 | G53: 4 | H53: 專案室
C54: 005 | D54: LCM(8)艇 | E54: 13 | F54: 魚雷管 | G54: 5 | H54: 圖書室
C55: 006 | D55: P-3C | E55: 14 | F55: 訓練 | G55: 6 | H55: 地下室
C56: 007 | D56: S2T | E56: 15 | F56: 通信 | G56: 7 | H56: 軍事室
C57: 008 | D57: S70 | E57: 2 | F57: 電瓶 | G57: 8 | H57: WSF系統
C58: 009 | D58: YTB艇 | E58: 3 | F58: 技術類
C59: 010 | D59: 人員運輸艇 | E59: 4 | F59: 管理類
C60: 011 | D60: 大屯艦 | E60: 5 | F60: 規範
C61: 012 | D61: 大台艦 | E61: 6 | F61: 射控
C62: 013 | D62: 大字號 | E62: 7 | F62: 系統
C63: 014 | D63: 大字號艦 | E63: 8 | F63: 潛望鏡
C64: 015 | D64: 大岡艦 | E64: 9 | F64: 電機料配件
C65: 016 | D65: 大峰艦
C66: 017 | D66: 大雪艦
C67: 018 | D67: 大湖艦
C68: 019 | D68: 大萬艦
C69: 020 | D69: 大漢艦
C70: 021 | D70: 子儀艦
C71: 022 | D71: 中平艦
C72: 023 | D72: 中正艦
C73: 024 | D73: 中光艦
C74: 025 | D74: 中字號
C75: 026 | D75: 中和級艦
C76: 027 | D76: 中和艦
... C184: 135 | D184: 鎮海艦
A189: 19M
A190: 檔別區分 | C190: 專案代號 | E190: 特種配件 | G190: 管制撥發 | I190: 管制標號 | K190: 磁性代號 | M190: 美軍停用
A191: FC_DIFFERENCE | C191: PROJECT_CODE | E191: SPECIAL_ACCESSORY | G191: REGULATORY_DISTINGUISH | I191: REGULATORY_LABEL | K191: MAGNETISM | M191: US_DEL
A192: A | B192: 彈藥 | C192: 1 | D192: 光一室 | E192: C | F192: 水械裝具 | G192: E | H192: 裝備 | I192: OI | J192: 海軍刊物 | L192: 一般性軍品 | M192: Y | N192: 是
A193: B | B193: 聯勤乾電池 | C193: 2 | D193: 光二室 | E193: G | F193: 損管器材 | G193: H | H193: 高價 | I193: OV | J193: 消耗性油料分析刻度標準 | K193: C | L193: 具磁性 | M193: N | N193: 否
A194: C | B194: 零附件 | C194: 3 | D194: 軍書室 | E194: J | F194: 救難裝具 | G194: I | H194: 保險 | I194: OX | J194: 軍事海運管轄物資 | K194: D | L194: 低磁性
A195: N | B195: 裝備生產之料件 | C195: 4 | D195: 專案室 | E195: T | F195: 掃雷裝具 | G195: J | H195: 保險及高價 | I195: 1A | J195: 兵器裝備及主要兵器裝備修理配件 | K195: X | L195: 非鐵性
A196: R | B196: 一般補給品(含彈藥零附件) | C196: 5 | D196: 圖書室 | E196: W | F196: 潛艇配件 | G196: R | H196: 繳舊換新 | I196: 1B | J196: 油料再製
A197: E | B197: 裝備(本軍自行區分，國防部無E) | C197: 6 | D197: 地下室 | E197: 7 | F197: 艦機輔降器材 | G197: T | H197: 機密 | I197: 1H | J197: 艦上裝備與修理配件
C198: 7 | D198: 軍事室 | E198: 8 | F198: 航安器材 | G198: U | H198: 列管 | I198: 1I | J198: 海軍表格
C199: 8 | D199: WSF系統 | G199: Z | H199: 消耗性 | I199: 1N | J199: 電子物品
I200: 1R | J200: 航空照像及氣象方面消耗物資
I201: 2O | J201: 訓練用器材裝備
I202: 2B | J202: 物資處理
I203: 2C | J203: 建築及士木工程裝備
I204: 2E | J204: 主要電子裝備
I205: 2F | J205: 主要艦艇電子裝備
I206: 2G | J206: 可修空中武器系統裝備與配件
I207: 2H | J207: 艦上裝備總成，配件及修理配件
I208: 2J | J208: 主要共器裝備
I209: 2M | J209: 地面車輛或低溫化學設備
I210: 2N | J210: 可修護的電子物品
I211: 2P | J211: 主要艦隊彈道飛彈射控導引裝備配件及選擇修理配件
... I263: 9Z | J263: 工業物品

Sheet 基本資料填寫
A1: 輔助列 | B1: 有無料號 | C1: 總 | D1: 18 | E1: 全 | F1: 是否總 | G1: 是否18 | H1: 是否全 | I1: 項次 | J1: ITEM NO PLSIN | K1: 料單狀態 | L1: 表單編號 | M1: 適用裝備 名稱 | N1: 族群結構碼 | O1: 配件號碼(P/N) | P1: 廠商英文品名 | Q1: 中文品名 | R1: 中文品名(9字內) | S1: 統一組類別 | T1: YETL | U1: 品項識別碼(後五碼) | V1: 品項識別碼 | W1: NSN | X1: 裝置數 | Y1: 全艦裝置數 | Z1: 撥發單位 | AA1: 美金單價 | AB1: 交貨時間 | AC1: 每百萬小時預估故障次數 | AD1: 平均故障間隔(MTBF) (小時) | AE1: 平均修護時間(MTTR) (小時) | AF1: 是否為 可修件 (Y/N) | AH1: 裝備代號 | AI1: 裝備序號 | AJ1: 構型報告單位 | AK1: 武器級別(英) | AL1: 裝備維修等級代碼 | AN1: INC英文品名 | AO1: 品名代號 | AP1: FIIG | AQ1: 文件來源 | AR1: 代理商 | AS1: 規格資料(1) 縮寫 | AT1: 規格資料(1) 英文 | AU1: 規格資料(1)翻譯 | AV1: 英答(1) | AW1: 中答(1) | AX1: 規格資料(2) 縮寫 | AY1: 規格資料(2) 英文 | AZ1: 規格資料(2)翻譯 | BA1: 英答(2) | BB1: 中答(2) | BC1: 規格資料(3)縮寫 | BD1: 規格資料(3) 英文 | BE1: 規格資料(3) 翻譯 | BF1: 英答(3) | BG1: 中答(3) | BH1: 規格資料(4) 縮寫 | BI1: 規格資料(4) 英文 | BJ1: 規格資料(4) 翻譯 | BK1: 英答(4) | BL1: 中答(4) | BM1: 規格資料(5)縮寫 | BN1: 規格資料(5) 英文 | BO1: 規格資料(5) 翻譯 | BP1: 英答(5) | BQ1: 中答(5) | BR1: 圖片路徑 | BS1: 檔別區分 | BT1: 專案代號 | BU1: 重量(KG) | BW1: 武器系統代號 | BX1: 會計編號 | BY1: 單位包裝量 | BZ1: 存儲壽限代號 | CA1: 檔別代號 | CB1: 機密性代號 | CC1: 消耗性代號 | CD1: 規格指示 | CE1: 海軍軍品來源 | CF1: 儲存型式 | CG1: 壽限處理代號 | CH1: 製造能量 | CI1: 修理能量 | CJ1: 廠商來源代號 | CK1: 廠家登記代號 | CL1: 備註_廠商代號 | CM1: 廠家製造商 | CN1: P/N獲得 程度 | CO1: P/N獲得來源 | CP1: CID/NO. | CQ1: 艦型 | CR1: 型式 | CS1: 品名 | CT1: 位置 | CU1: 上一層裝備(中) | CV1: 上一層裝備(英) | CW1: 上層適用裝備單機識別碼CID | CY1: 圖名/書名 | CZ1: 專案文件管制碼(免填) | DA1: 會計編號 | DB1: ESWBS(五碼) | DC1: 階段代號(免填) | DD1: 文件管制碼：_文件類別-單位別(免填) | DE1: 文件管制碼：_文件類別-文件分類(免填) | DF1: 文件管制碼：_流水號(第一碼)(免填) | DG1: 文件管制碼：_流水號(第二碼)(免填) | DH1: 文件管制碼：_流水號(第三碼)(免填) | DI1: 流水號(第四~六碼)(免填) | DJ1: 文件管制碼：_流水號(第七碼)(免填) | DK1: 文件管制碼：專案代號(免填) | DL1: 技術文件版別 | DM1: 船廠圖號 | DN1: 設計圖號 | DO1: 階段代號(免填) | DP1: 機密等級 | DQ1: 資料類別 | DR1: 資料類型 | DS1: 語言 | DU1: 系統功能名稱(中+英) (族群結構碼上的名稱)
A2: =IF(B2="","",B2&"-"&COUNTIF($B$2:B2,B2)) | C2: =IF(F2="","",F2&"-"&COUNTIF(F$2:$H2,F2)) -> 總-1 | D2: =IF(G2="","",G2&"-"&COUNTIF(G$2:$H2,G2)) | E2: =IF(H2="","",H2&"-"&COUNTIF($H$2:H2,H2)) -> 全-1 | F2: 總 | H2: 全 | I2: =IF(Q2="","",COUNTA($Q$2:Q2)) -> 1 | J2: 0000 | K2: 繳交成功 | L2: A0009 | M2: 聲力電話系統 | N2: 43212 | O2: TA-4CI | P2: Acoustic Telephone System | Q2: 聲力電話系統 | R2: 聲力電話系統 | S2: 5805 | T2: YETL | U2: 22090 | V2: =T2&U2 -> YETL22090 | W2: =IF(S2="","",S2&V2) -> 5805YETL22090 | X2: 1 | Y2: 1 | Z2: EA | AA2: 530000 | AB2: 3 M | AC2: 83.3 | AD2: 12000 | AE2: 1.5 | AF2: Y | AH2: 3 | AI2: 0823 | AJ2: JSSC | AK2: ARS | AL2: O | AN2: TELEPHONE SYSTEM | AO2: 35522 | AP2: A23800 | AQ2: 聲力電話系統技術手冊 | AR2: 堃翊工程有限公司 | AS2: CLQL | AT2: COLLOQUIAL NAME | AU2: 口語名稱 | AV2: Acoustic Telephone System | AW2: 聲力電話系統 | AX2: AYDS | AY2: END ITEM NAME | AZ2: 最終裝備名稱 | BA2: 43212 Acoustic Telephone System | BB2: 43212 聲力電話系統 | BC2: AJKC | BD2: SUPPLY ITEMS AND QUANTITIES | BE2: 供應項目和數量 | BG2: 至少10項：12/24站壁掛式聲力電話、12/24站埋入式聲力電話、埋入式電話插座、壁掛式電話插座、警示燈、電話放置箱、繼電器控制盒等。 | BR2: C:\\SynologyDrive\\01 JSSC專案\\12 料號申編\\06 次要裝備\\50 聲力電話\\圖片\\01_聲力電話系統.jpg | BS2: C | BT2: 4 | BW2: C35 | BX2: B21317 | BY2: 1 | BZ2: 0 | CA2: E | CB2: U | CC2: M | CD2: E | CE2: C | CF2: A | CG2: 00 | CH2: E | CI2: 0 | CJ2: A | CK2: 1973B | CL2: =IF(CK2="","",CJ2&CK2) -> A1973B | CM2: SCM SISTEMAS,S.L. | CN2: 2 | CO2: 3 | CP2: 27NYE0823 | CQ2: FFG | CR2: TA-4CI | CS2: 聲力電話系統 | CT2: 前/後機艙 | CY2: 聲力電話系統技術手冊 | CZ2: =IF(DB2="","",DB2&"-"&DC2&"-"&DD2&DE2&"-"&DF2&DG2&"-"&DH2&"-"&DI2&DJ2&"-"&DK2) -> 43212------ | DA2: =IF(CY2="","",BX2) -> B21317 | DB2: 43212 | DL2: 0 | DM2: EK432121 | DN2: EN432121 | DP2: 1 | DQ2: 1 | DR2: 2 | DS2: 1 | DU2: =IF(M2=0,"",Q2&P2) -> 聲力電話系統Acoustic Telephone System
A3: =IF(B3="","",B3&"-"&COUNTIF($B$2:B3,B3)) | C3: =IF(F3="","",F3&"-"&COUNTIF(F$2:$H3,F3)) | D3: =IF(G3="","",G3&"-"&COUNTIF(G$2:$H3,G3)) -> 18-1 | E3: =IF(H3="","",H3&"-"&COUNTIF($H$2:H3,H3)) -> 全-2 | G3: 18 | H3: 全 | I3: =IF(Q3="","",COUNTA($Q$2:Q3)) -> 2 | J3: 0001 | K3: 繳交成功 | L3: A0010 | M3: 聲力電話系統 | N3: 432121 | O3: 455.029.4.21H | P3: Sound Powered Telephone, 12 Stations, Wall-Mounted (with H27A Jack) | Q3: 12站壁掛式聲力電話(附H27A 插座) | R3: 12站壁掛式聲力電話 | S3: 5805 | T3: YETL | U3: 22088 | V3: =T3&U3 -> YETL22088 | W3: =IF(S3="","",S3&V3) -> 5805YETL22088 | X3: 1 | Y3: 23 | Z3: EA | AA3: 1200 | AB3: 3 M | AC3: 83.3 | AD3: 12000 | AE3: 1.5 | AF3: Y | AH3: 4 | AI3: 0823 | AJ3: JSSC | AK3: ARS | AL3: 0 | AN3: TELEPHONE SET | AO3: 00307 | AP3: T187-D | AQ3: 聲力電話系統技術手冊 | AR3: 堃翊工程有限公司 | AS3: CLQL | AT3: COLLOQUIAL NAME | AU3: 口語名稱 | AV3: Sound Powered Telephone, 12 Stations, Wall-Mounted (with H27A Jack) | AW3: 12站壁掛式聲力電話(附H27A 插座) | AX3: ANPX | AY3: TRANSMITTER CURRENT SUPPLY SOURCE | AZ3: 傳送器電流供應來源 | BA3: SOUND POWERED | BB3: 聲力供電 | BC3: STYL | BD3: STYLE DESIGNATOR | BE3: 外觀型式識別碼 | BF3: MANUAL CRANK OPERATED | BG3: 手動搖柄操作 | BH3: ABMK | BI3: OVERALL WIDTH | BJ3: 總寬度 | BK3: 160 mm | BL3: 160毫米 | BM3: ABHP | BN3: OVERALL LENGTH | BO3: 總長度 | BP3: 260 mm | BQ3: 260毫米 | BR3: C:\\SynologyDrive\\01 JSSC專案\\12 料號申編\\06 次要裝備\\50 聲力電話\\圖片\\02.12站壁掛式聲力電話.jpg | BS3: C | BT3: 4 | BW3: C35 | BX3: B21317 | BY3: 1 | BZ3: 0 | CA3: C | CB3: U | CC3: M | CD3: E | CE3: C | CF3: A | CG3: 00 | CH3: E | CI3: 0 | CJ3: A | CK3: 1973B | CL3: =IF(CK3="","",CJ3&CK3) -> A1973B | CM3: SCM SISTEMAS,S.L. | CN3: 2 | CO3: 3 | CP3: 27NYE0823 | CQ3: FFG | CR3: TA-4CI | CS3: 聲力電話系統 | CT3: 前/後機艙 | CU3: 聲力電話系統 | CV3: Acoustic Telephone System | CW3: 27NYE0823 | CZ3: =IF(DB3="","",DB3&"-"&DC3&"-"&DD3&DE3&"-"&DF3&DG3&"-"&DH3&"-"&DI3&DJ3&"-"&DK3) | DA3: =IF(CY3="","",BX3)
A4: =IF(B4="","",B4&"-"&COUNTIF($B$2:B4,B4)) | C4: =IF(F4="","",F4&"-"&COUNTIF(F$2:$H4,F4)) | D4: =IF(G4="","",G4&"-"&COUNTIF(G$2:$H4,G4)) -> 18-2 | E4: =IF(H4="","",H4&"-"&COUNTIF($H$2:H4,H4)) -> 全-3 | G4: 18 | H4: 全 | I4: =IF(Q4="","",COUNTA($Q$2:Q4)) -> 3 | J4: 0002 | K4: 繳交成功 | L4: A0011 | M4: 聲力電話系統 | N4: 432122 | O4: 455.031.4.16H | P4: Sound Powered Telephone, 24 Stations, Wall-Mounted (with H27A Jack) | Q4: 24站壁掛式聲力電話(附H27A 插座) | R4: 24站壁掛式聲力電話 | S4: 5805 | T4: YETL | U4: 22087 | V4: =T4&U4 -> YETL22087 | W4: =IF(S4="","",S4&V4) -> 5805YETL22087 | X4: 1 | Y4: 62 | Z4: EA | AA4: 1200 | AB4: 3 M | AC4: 83.3 | AD4: 12000 | AE4: 1.5 | AF4: Y | AH4: 4 | AI4: 0823 | AJ4: JSSC | AK4: ARS | AL4: 0 | AN4: TELEPHONE SET | AO4: 00307 | AP4: T187-D | AQ4: 聲力電話系統技術手冊 | AR4: 堃翊工程有限公司 | AS4: CLQL | AT4: COLLOQUIAL NAME | AU4: 口語名稱 | AV4: Sound Powered Telephone, 24 Stations, Wall-Mounted (with H27A Jack) | AW4: 24站壁掛式聲力電話(附H27A 插座) | AX4: ANPX | AY4: TRANSMITTER CURRENT SUPPLY SOURCE | AZ4: 傳送器電流供應來源 | BA4: SOUND POWERED | BB4: 聲力供電 | BC4: STYL | BD4: STYLE DESIGNATOR | BE4: 外觀型式識別碼 | BF4: MANUAL CRANK OPERATED | BG4: 手動搖柄操作 | BH4: ABMK | BI4: OVERALL WIDTH | BJ4: 總寬度 | BK4: 160 mm | BL4: 160毫米 | BM4: ABHP | BN4: OVERALL LENGTH | BO4: 總長度 | BP4: 260 mm | BQ4: 260毫米 | BR4: C:\\SynologyDrive\\01 JSSC專案\\12 料號申編\\06 次要裝備\\50 聲力電話\\圖片\\03.24站壁掛式聲力電話.jpg | BS4: C | BT4: 4 | BW4: C35 | BX4: B21317 | BY4: 1 | BZ4: 0 | CA4: C | CB4: U | CC4: M | CD4: E | CE4: C | CF4: A | CG4: 00 | CH4: E | CI4: 0 | CJ4: A | CK4: 1973B | CL4: =IF(CK4="","",CJ4&CK4) -> A1973B | CM4: SCM SISTEMAS,S.L. | CN4: 2 | CO4: 3 | CP4: 27NYE0823 | CQ4: FFG | CR4: TA-4CI | CS4: 聲力電話系統 | CT4: 前/後機艙 | CU4: 聲力電話系統 | CV4: Acoustic Telephone System | CW4: 27NYE0823 | CZ4: =IF(DB4="","",DB4&"-"&DC4&"-"&DD4&DE4&"-"&DF4&DG4&"-"&DH4&"-"&DI4&DJ4&"-"&DK4) | DA4: =IF(CY4="","",BX4)
A5: =IF(B5="","",B5&"-"&COUNTIF($B$2:B5,B5)) | C5: =IF(F5="","",F5&"-"&COUNTIF(F$2:$H5,F5)) | D5: =IF(G5="","",G5&"-"&COUNTIF(G$2:$H5,G5)) -> 18-3 | E5: =IF(H5="","",H5&"-"&COUNTIF($H$2:H5,H5)) -> 全-4 | G5: 18 | H5: 全 | I5: =IF(Q5="","",COUNTA($Q$2:Q5)) -> 4 | J5: 0003 | K5: 繳交成功 | L5: A0012 | M5: 聲力電話系統 | N5: 432123 | O5: 455.005.7H | P5: Sound Powered Telephone (12-station/built-in with dimmer and H27A jack) | Q5: 12站埋入式聲力電話(附H27A 插座) | R5: 12站埋入式聲力電話 | S5: 5805 | T5: YETL | U5: 22086 | V5: =T5&U5 -> YETL22086 | W5: =IF(S5="","",S5&V5) -> 5805YETL22086 | X5: 1 | Y5: 7 | Z5: EA | AA5: 1200 | AB5: 3 M | AC5: 83.3 | AD5: 12000 | AE5: 1.5 | AF5: Y | AH5: 4 | AI5: 0823 | AJ5: JSSC | AK5: ARS | AL5: 0 | AN5: TELEPHONE SET | AO5: 00307 | AP5: T187-D | AQ5: 聲力電話系統技術手冊 | AR5: 堃翊工程有限公司 | AS5: CLQL | AT5: COLLOQUIAL NAME | AU5: 口語名稱 | AV5: Sound Powered Telephone (12-station/built-in with dimmer and H27A jack) | AW5: 12站埋入式聲力電話(附H27A 插座) | AX5: ANPX | AY5: TRANSMITTER CURRENT SUPPLY SOURCE | AZ5: 傳送器電流供應來源 | BA5: SOUND POWERED | BB5: 聲力供電 | BC5: STYL | BD5: STYLE DESIGNATOR | BE5: 外觀型式識別碼 | BF5: MANUAL CRANK OPERATED | BG5: 手動搖柄操作 | BH5: ABMK | BI5: OVERALL WIDTH | BJ5: 總寬度 | BK5: 160 mm | BL5: 160毫米 | BM5: ABHP | BN5: OVERALL LENGTH | BO5: 總長度 | BP5: 200 mm | BQ5: 200 毫米 | BR5: C:\\SynologyDrive\\01 JSSC專案\\12 料號申編\\06 次要裝備\\50 聲力電話\\圖片\\04.12站埋入式聲力電話.jpg | BS5: C | BT5: 4 | BW5: C35 | BX5: B21317 | BY5: 1 | BZ5: 0 | CA5: C | CB5: U | CC5: M | CD5: E | CE5: C | CF5: A | CG5: 00 | CH5: E | CI5: 0 | CJ5: A | CK5: 1973B | CL5: =IF(CK5="","",CJ5&CK5) -> A1973B | CM5: SCM SISTEMAS,S.L. | CN5: 2 | CO5: 3 | CP5: 27NYE0823 | CQ5: FFG | CR5: TA-4CI | CS5: 聲力電話系統 | CT5: 前/後機艙 | CU5: 聲力電話系統 | CV5: Acoustic Telephone System | CW5: 27NYE0823 | CZ5: =IF(DB5="","",DB5&"-"&DC5&"-"&DD5&DE5&"-"&DF5&DG5&"-"&DH5&"-"&DI5&DJ5&"-"&DK5) | DA5: =IF(CY5="","",BX5)
A6: =IF(B6="","",B6&"-"&COUNTIF($B$2:B6,B6)) | C6: =IF(F6="","",F6&"-"&COUNTIF(F$2:$H6,F6)) | D6: =IF(G6="","",G6&"-"&COUNTIF(G$2:$H6,G6)) -> 18-4 | E6: =IF(H6="","",H6&"-"&COUNTIF($H$2:H6,H6)) -> 全-5 | G6: 18 | H6: 全 | I6: =IF(Q6="","",COUNTA($Q$2:Q6)) -> 5 | J6: 0004 | K6: 繳交成功 | L6: A0013 | M6: 聲力電話系統 | N6: 432124 | O6: 455.029.4.12H | P6: Sound Powered Telephone (24-station/built-in with dimmer and H27A jack) | Q6: 24站埋入式聲力電話(附H27A 插座) | R6: 24站埋入式聲力電話 | S6: 5805 | T6: YETL | U6: 22085 | V6: =T6&U6 -> YETL22085 | W6: =IF(S6="","",S6&V6) -> 5805YETL22085 | X6: 1 | Y6: 5 | Z6: EA | AA6: 1200 | AB6: 3 M | AC6: 83.3 | AD6: 12000 | AE6: 1.5 | AF6: Y | AH6: 4 | AI6: 0823 | AJ6: JSSC | AK6: ARS | AL6: 0 | AN6: TELEPHONE SET | AO6: 00307 | AP6: T187-D | AQ6: 聲力電話系統技術手冊 | AR6: 堃翊工程有限公司 | AS6: CLQL | AT6: COLLOQUIAL NAME | AU6: 口語名稱 | AV6: Sound Powered Telephone (24-station/built-in with dimmer and H27A jack) | AW6: 24站埋入式聲力電話(附H27A 插座) | AX6: ANPX | AY6: TRANSMITTER CURRENT SUPPLY SOURCE | AZ6: 傳送器電流供應來源 | BA6: SOUND POWERED | BB6: 聲力供電 | BC6: STYL | BD6: STYLE DESIGNATOR | BE6: 外觀型式識別碼 | BF6: MANUAL CRANK OPERATED | BG6: 手動搖柄操作 | BH6: ABMK | BI6: OVERALL WIDTH | BJ6: 總寬度 | BK6: 160 mm | BL6: 160毫米 | BM6: ABHP | BN6: OVERALL LENGTH | BO6: 總長度 | BP6: 200 mm | BQ6: 200 毫米 | BR6: C:\\SynologyDrive\\01 JSSC專案\\12 料號申編\\06 次要裝備\\50 聲力電話\\圖片\\05.24站埋入式聲力電話.jpg | BS6: C | BT6: 4 | BW6: C35 | BX6: B21317 | BY6: 1 | BZ6: 0 | CA6: C | CB6: U | CC6: M | CD6: E | CE6: C | CF6: A | CG6: 00 | CH6: E | CI6: 0 | CJ6: A | CK6: 1973B | CL6: =IF(CK6="","",CJ6&CK6) -> A1973B | CM6: SCM SISTEMAS,S.L. | CN6: 2 | CO6: 3 | CP6: 27NYE0823 | CQ6: FFG | CR6: TA-4CI | CS6: 聲力電話系統 | CT6: 前/後機艙 | CU6: 聲力電話系統 | CV6: Acoustic Telephone System | CW6: 27NYE0823 | CZ6: =IF(DB6="","",DB6&"-"&DC6&"-"&DD6&DE6&"-"&DF6&DG6&"-"&DH6&"-"&DI6&DJ6&"-"&DK6) | DA6: =IF(CY6="","",BX6)
A7: =IF(B7="","",B7&"-"&COUNTIF($B$2:B7,B7)) -> 無-1 | B7: 無 | C7: =IF(F7="","",F7&"-"&COUNTIF(F$2:$H7,F7)) | D7: =IF(G7="","",G7&"-"&COUNTIF(G$2:$H7,G7)) -> 18-5 | E7: =IF(H7="","",H7&"-"&COUNTIF($H$2:H7,H7)) -> 全-6 | G7: 18 | H7: 全 | I7: =IF(Q7="","",COUNTA($Q$2:Q7)) -> 6 | J7: 0005 | K7: 待送出 | L7: A0073 | M7: 聲力電話系統 | N7: 432125 | O7: 350.500 | P7: Portable chest head sound powered telephone (with/without foot switch) | Q7: 頭戴式聲力電話(頭戴型及腳控型) | R7: 頭戴式聲力電話 | S7: 5965 | T7: YETL | U7: 申請中 | V7: =T7&U7 -> YETL申請中 | W7: =IF(S7="","",S7&V7) -> 5965YETL申請中 | X7: 1 | Y7: 89 | Z7: EA | AA7: 1200 | AB7: 3 M | AC7: 100 | AD7: 10000 | AE7: 1 | AF7: Y | AH7: 4 | AI7: 0823 | AJ7: JSSC | AK7: ARS | AL7: 0 | AN7: HEADSET-CHEST SET,ELECTRICAL | AO7: 00710 | AP7: A545Q0 | AQ7: 聲力電話系統技術手冊 | AR7: 堃翊工程有限公司 | AS7: CLQL | AT7: COLLOQUIAL NAME | AU7: 口語名稱 | AV7: Portable chest head sound powered telephone (with/without foot switch) | AW7: 頭戴式聲力電話(頭戴型及腳控型) | AX7: AHES | AY7: EARPHONE QUANTITY | AZ7: 耳機數量 | BA7: 2 | BB7: 2，左右耳 | BC7: CBBL | BD7: FEATURES PROVIDED | BE7: 提供的附加功能 | BF7: FOOT SWITCH (TA-PC-FS only) | BG7: 腳控發話功能（僅限 TA-PC-FS） | BR7: C:\\SynologyDrive\\01 JSSC專案\\12 料號申編\\06 次要裝備\\50 聲力電話\\圖片\\06.頭戴式.jpg | BS7: C | BT7: 4 | BU7: 1.5-1.8 | BW7: C35 | BX7: B21317 | BY7: 1 | BZ7: 0 | CA7: C | CB7: U | CC7: M | CD7: E | CE7: C | CF7: A | CG7: 00 | CH7: E | CI7: 0 | CJ7: A | CK7: 1973B | CL7: =IF(CK7="","",CJ7&CK7) -> A1973B | CM7: SCM SISTEMAS,S.L. | CN7: 2 | CO7: 3 | CP7: 27NYE0823 | CQ7: FFG | CR7: TA-4CI | CS7: 聲力電話系統 | CT7: 前/後機艙 | CU7: 聲力電話系統 | CV7: Acoustic Telephone System | CW7: 27NYE0823 | CZ7: =IF(DB7="","",DB7&"-"&DC7&"-"&DD7&DE7&"-"&DF7&DG7&"-"&DH7&"-"&DI7&DJ7&"-"&DK7) | DA7: =IF(CY7="","",BX7)
A8: =IF(B8="","",B8&"-"&COUNTIF($B$2:B8,B8)) | C8: =IF(F8="","",F8&"-"&COUNTIF(F$2:$H8,F8)) | D8: =IF(G8="","",G8&"-"&COUNTIF(G$2:$H8,G8)) -> 18-6 | E8: =IF(H8="","",H8&"-"&COUNTIF($H$2:H8,H8)) -> 全-7 | G8: 18 | H8: 全 | I8: =IF(Q8="","",COUNTA($Q$2:Q8)) -> 7 | J8: 0006 | K8: 繳交成功 | L8: A0014 | M8: 聲力電話系統 | N8: 432126 | O8: 149.015 SCM | P8: Panel-mounted jack | Q8: 聲力電話插座 (埋入式) | R8: 聲力電話插座/埋入 | S8: 5935 | T8: YETL | U8: 22089 | V8: =T8&U8 -> YETL22089 | W8: =IF(S8="","",S8&V8) -> 5935YETL22089 | X8: 1 | Y8: 108 | Z8: EA | AA8: 120 | AB8: 3 M | AC8: 66.7 | AD8: 15000 | AE8: 0.5 | AF8: Y | AH8: 4 | AI8: 0823 | AJ8: JSSC | AK8: ARS | AL8: 0 | AN8: JACK BOX | AO8: 16136 | AP8: A17600 | AQ8: 聲力電話系統技術手冊 | AR8: 堃翊工程有限公司 | AS8: CLQL | AT8: COLLOQUIAL NAME | AU8: 口語名稱 | AV8: Panel-mounted jack | AW8: 聲力電話插座 (埋入式) | AX8: STYL | AY8: STYLE DESIGNATOR | AZ8: 外觀型式 | BA8: SQUARE, FLUSH MOUNTING | BB8: 方形面板，嵌入式安裝 | BC8: MATT | BD8: MATERIAL | BE8: 材質 | BF8: Brass,Stainless Steel | BG8: 黃銅,不鏽鋼 | BH8: ABMK | BI8: OVERALL WIDTH | BJ8: 總寬度 | BK8: 31.8 mm | BL8: 31.8毫米(左右) | BM8: ABHP | BN8: OVERALL LENGTH | BO8: 總長度 | BP8: 31.8 mm | BQ8: 31.8毫米(前後) | BR8: C:\\SynologyDrive\\01 JSSC專案\\12 料號申編\\06 次要裝備\\50 聲力電話\\圖片\\07.聲力電話插座 (埋入式).jpg | BS8: C | BT8: 4 | BW8: C35 | BX8: B21317 | BY8: 1 | BZ8: 0 | CA8: C | CB8: U | CC8: M | CD8: E | CE8: C | CF8: A | CG8: 00 | CH8: E | CI8: 0 | CJ8: A | CK8: 1973B | CL8: =IF(CK8="","",CJ8&CK8) -> A1973B | CM8: SCM SISTEMAS,S.L. | CN8: 2 | CO8: 3 | CP8: 27NYE0823 | CQ8: FFG | CR8: TA-4CI | CS8: 聲力電話系統 | CT8: 前/後機艙 | CU8: 聲力電話系統 | CV8: Acoustic Telephone System | CW8: 27NYE0823 | CZ8: =IF(DB8="","",DB8&"-"&DC8&"-"&DD8&DE8&"-"&DF8&DG8&"-"&DH8&"-"&DI8&DJ8&"-"&DK8) | DA8: =IF(CY8="","",BX8)
A9: =IF(B9="","",B9&"-"&COUNTIF($B$2:B9,B9)) | C9: =IF(F9="","",F9&"-"&COUNTIF(F$2:$H9,F9)) | D9: =IF(G9="","",G9&"-"&COUNTIF(G$2:$H9,G9)) -> 18-7 | E9: =IF(H9="","",H9&"-"&COUNTIF($H$2:H9,H9)) -> 全-8 | G9: 18 | H9: 全 | I9: =IF(Q9="","",COUNTA($Q$2:Q9)) -> 8 | J9: 0007 | K9: 繳交成功 | L9: A0015 | M9: 聲力電話系統 | N9: 432127 | O9: 350.501 SCM | P9: Jack-box for connection | Q9: 聲力電話插座 (防水壁掛式) | R9: 聲力電話插座/壁掛 | S9: 5935 | T9: YETL | U9: 22119 | V9: =T9&U9 -> YETL22119 | W9: =IF(S9="","",S9&V9) -> 5935YETL22119 | X9: 1 | Y9: 116 | Z9: EA | AA9: 120 | AB9: 3 M | AC9: 71.4 | AD9: 14000 | AE9: 0.5 | AF9: Y | AH9: 4 | AI9: 0823 | AJ9: JSSC | AK9: ARS | AL9: 0 | AN9: JACK BOX | AO9: 16136 | AP9: A17600 | AQ9: 聲力電話系統技術手冊 | AR9: 堃翊工程有限公司 | AS9: CLQL | AT9: COLLOQUIAL NAME | AU9: 口語名稱 | AV9: Jack-box for connection | AW9: 聲力電話插座 (防水壁掛式) | AX9: STYL | AY9: STYLE DESIGNATOR | AZ9: 外觀型式 | BA9: ROUND, SURFACE MOUNTING | BB9: 圓形壁掛式 | BC9: MATT | BD9: MATERIAL | BE9: 材質 | BF9: Made of brass | BG9: 黃銅製防水盒 | BH9: ABMK | BI9: OVERALL WIDTH | BJ9: 總寬度 | BK9: 103 mm | BL9: 103 毫米(左右) | BM9: ABFY | BN9: OVERALL DEPTH | BO9: 總深度 | BP9: 70 mm | BQ9: 70毫米(前後) | BR9: C:\\SynologyDrive\\01 JSSC專案\\12 料號申編\\06 次要裝備\\50 聲力電話\\圖片\\08.聲力電話插座(壁掛).png | BS9: C | BT9: 4 | BW9: C35 | BX9: B21317 | BY9: 1 | BZ9: 0 | CA9: C | CB9: U | CC9: M | CD9: E | CE9: C | CF9: A | CG9: 00 | CH9: E | CI9: 0 | CJ9: A | CK9: 1973B | CL9: =IF(CK9="","",CJ9&CK9) -> A1973B | CM9: SCM SISTEMAS,S.L. | CN9: 2 | CO9: 3 | CP9: 27NYE0823 | CQ9: FFG | CR9: TA-4CI | CS9: 聲力電話系統 | CT9: 前/後機艙 | CU9: 聲力電話系統 | CV9: Acoustic Telephone System | CW9: 27NYE0823 | CZ9: =IF(DB9="","",DB9&"-"&DC9&"-"&DD9&DE9&"-"&DF9&DG9&"-"&DH9&"-"&DI9&DJ9&"-"&DK9) | DA9: =IF(CY9="","",BX9)
A10: =IF(B10="","",B10&"-"&COUNTIF($B$2:B10,B10)) -> 無-2 | B10: 無 | C10: =IF(F10="","",F10&"-"&COUNTIF(F$2:$H10,F10)) | D10: =IF(G10="","",G10&"-"&COUNTIF(G$2:$H10,G10)) -> 18-8 | E10: =IF(H10="","",H10&"-"&COUNTIF($H$2:H10,H10)) -> 全-9 | G10: 18 | H10: 全 | I10: =IF(Q10="","",COUNTA($Q$2:Q10)) -> 9 | J10: 0008 | K10: 待送出 | L10: A0074 | M10: 聲力電話系統 | N10: 432128 | O10: 455.805 | P10: Audio Frecuency Amplifie | Q10: 聲力電話放大器 | R10: 聲力電話放大器 | S10: 5965 | T10: YETL | U10: 申請中 | V10: =T10&U10 -> YETL申請中 | W10: =IF(S10="","",S10&V10) -> 5965YETL申請中 | X10: 1 | Y10: 46 | Z10: EA | AA10: 650 | AB10: 3 M | AC10: 125 | AD10: 8000 | AE10: 1.5 | AF10: Y | AH10: 4 | AI10: 0823 | AJ10: JSSC | AK10: ARS | AL10: 0 | AN10: LOUDSPEAKER-AMPLIFIER | AO10: 52110 | AP10: A11600 | AQ10: 聲力電話系統技術手冊 | AR10: 堃翊工程有限公司 | AS10: CLQL | AT10: COLLOQUIAL NAME | AU10: 口語名稱 | AV10: Audio Frecuency Amplifie | AW10: 聲力電話放大器 | AX10: STYL | AY10: STYLE DESIGNATOR | AZ10: 外觀型式 | BA10: Style Designator | BB10: 長方形／方形外殼 | BC10: ABMK | BD10: OVERALL WIDTH | BE10: 總寬度 | BF10: 230mm | BG10: 230mm | BH10: ABKW | BI10: OVERALL HEIGHT | BJ10: 總高度 | BK10: 176mm | BL10: 176mm | BR10: C:\\SynologyDrive\\01 JSSC專案\\12 料號申編\\06 次要裝備\\50 聲力電話\\圖片\\09.放大器.jpg | BS10: C | BT10: 4 | BW10: C35 | BX10: B21317 | BY10: 1 | BZ10: 0 | CA10: C | CB10: U | CC10: M | CD10: E | CE10: C | CF10: A | CG10: 00 | CH10: E | CI10: 0 | CJ10: A | CK10: 1973B | CL10: =IF(CK10="","",CJ10&CK10) -> A1973B | CM10: SCM SISTEMAS,S.L. | CN10: 2 | CO10: 3 | CP10: 27NYE0823 | CQ10: FFG | CR10: TA-4CI | CS10: 聲力電話系統 | CT10: 前/後機艙 | CU10: 聲力電話系統 | CV10: Acoustic Telephone System | CW10: 27NYE0823 | CZ10: =IF(DB10="","",DB10&"-"&DC10&"-"&DD10&DE10&"-"&DF10&DG10&"-"&DH10&"-"&DI10&DJ10&"-"&DK10) | DA10: =IF(CY10="","",BX10)
A11: =IF(B11="","",B11&"-"&COUNTIF($B$2:B11,B11)) -> 無-3 | B11: 無 | C11: =IF(F11="","",F11&"-"&COUNTIF(F$2:$H11,F11)) | D11: =IF(G11="","",G11&"-"&COUNTIF(G$2:$H11,G11)) -> 18-9 | E11: =IF(H11="","",H11&"-"&COUNTIF($H$2:H11,H11)) -> 全-10 | G11: 18 | H11: 全 | I11: =IF(Q11="","",COUNTA($Q$2:Q11)) -> 10 | J11: 0009 | K11: 待送出 | L11: A0075 | M11: 聲力電話系統 | N11: 432129 | O11: 149.907 | P11: Exponential Speaker | Q11: 揚聲防水喇叭 | R11: 揚聲防水喇叭 | S11: 5965 | T11: YETL | U11: 申請中 | V11: =T11&U11 -> YETL申請中 | W11: =IF(S11="","",S11&V11) -> 5965YETL申請中 | X11: 1 | Y11: 46 | Z11: EA | AA11: 150 | AB11: 3 M | AC11: 100 | AD11: 10000 | AE11: 1 | AF11: Y | AH11: 4 | AI11: 0823 | AJ11: JSSC | AK11: ARS | AL11: 0 | AN11: Loudspeaker, Electromagnetic | AO11: 00714 | AP11: A11600 | AQ11: 聲力電話系統技術手冊 | AR11: 堃翊工程有限公司 | AS11: CLQL | AT11: COLLOQUIAL NAME | AU11: 口語名稱 | AV11: Exponential Speaker | AW11: 揚聲防水喇叭 | AX11: AKVS | AY11: TRANSDUCER TYPE | AZ11: 換能器類型 | BA11: CONE | BB11: 錐形振膜式換能器 | BC11: ALBY | BD11: USAGE DESIGN | BE11: 設計用途 | BF11: OUTDOOR | BG11: 戶外使用（船艦外部、暴露區） | BH11: AMQY | BI11: INSTALLATION DESIGN | BJ11: 安裝設計 | BK11: NONPORTABLE | BL11: 固定式設備，不可攜 | BM11: ABMK | BN11: OVERALL WIDTH | BO11: 總寬度 | BP11: 222 mm | BQ11: 222 mm，喇叭正面最寬部分 | BR11: C:\\SynologyDrive\\01 JSSC專案\\12 料號申編\\06 次要裝備\\50 聲力電話\\圖片\\10.喇叭.jpg | BS11: C | BT11: 4 | BW11: C35 | BX11: B21317 | BY11: 1 | BZ11: 0 | CA11: C | CB11: U | CC11: M | CD11: E | CE11: C | CF11: A | CG11: 00 | CH11: E | CI11: 0 | CJ11: A | CK11: 1973B | CL11: =IF(CK11="","",CJ11&CK11) -> A1973B | CM11: SCM SISTEMAS,S.L. | CN11: 2 | CO11: 3 | CP11: 27NYE0823 | CQ11: FFG | CR11: TA-4CI | CS11: 聲力電話系統 | CT11: 前/後機艙 | CU11: 聲力電話系統 | CV11: Acoustic Telephone System | CW11: 27NYE0823 | CZ11: =IF(DB11="","",DB11&"-"&DC11&"-"&DD11&DE11&"-"&DF11&DG11&"-"&DH11&"-"&DI11&DJ11&"-"&DK11) | DA11: =IF(CY11="","",BX11)
A12: =IF(B12="","",B12&"-"&COUNTIF($B$2:B12,B12)) | C12: =IF(F12="","",F12&"-"&COUNTIF(F$2:$H12,F12)) | D12: =IF(G12="","",G12&"-"&COUNTIF(G$2:$H12,G12)) -> 18-10 | E12: =IF(H12="","",H12&"-"&COUNTIF($H$2:H12,H12)) -> 全-11 | G12: 18 | H12: 全 | I12: =IF(Q12="","",COUNTA($Q$2:Q12)) -> 11 | J12: 0010 | K12: 繳交成功 | L12: A0016 | M12: 聲力電話系統 | N12: 43212A | O12: 455.010 SCM | P12: Visual Signal Device LD-MG | Q12: 白光警示燈 | R12: 白光警示燈 | S12: 6350 | T12: YETL | U12: 22084 | V12: =T12&U12 -> YETL22084 | W12: =IF(S12="","",S12&V12) -> 6350YETL22084 | X12: 1 | Y12: 45 | Z12: EA | AA12: 40 | AB12: 3 M | AC12: 111.1 | AD12: 9000 | AE12: 1 | AF12: N | AH12: 4 | AI12: 0823 | AJ12: JSSC | AK12: ARS | AL12: 0 | AN12: ALARM,AUDIBLE-VISUAL | AO12: 49541 | AP12: T104-A | AQ12: 聲力電話系統技術手冊 | AR12: 堃翊工程有限公司 | AS12: CLQL | AT12: COLLOQUIAL NAME | AU12: 口語名稱 | AV12: Visual Signal Device LD-MG | AW12: 白光警示燈 | AX12: MATT | AY12: MATERIAL | AZ12: 材質 | BA12: White or red translucent glass | BB12: 白色或紅色半透明玻璃 | BC12: ADAV | BD12: OVERALL DIAMETER | BE12: 總直徑 | BF12: Ø180 mm（outer diameter） | BG12: Ø180 mm（外徑） | BR12: C:\\SynologyDrive\\01 JSSC專案\\12 料號申編\\06 次要裝備\\50 聲力電話\\圖片\\11.警示燈.jpg | BS12: C | BT12: 4 | BW12: C35 | BX12: B21317 | BY12: 1 | BZ12: 0 | CA12: C | CB12: U | CC12: M | CD12: E | CE12: C | CF12: A | CG12: 00 | CH12: E | CI12: 0 | CJ12: A | CK12: 1973B | CL12: =IF(CK12="","",CJ12&CK12) -> A1973B | CM12: SCM SISTEMAS,S.L. | CN12: 2 | CO12: 3 | CP12: 27NYE0823 | CQ12: FFG | CR12: TA-4CI | CS12: 聲力電話系統 | CT12: 前/後機艙 | CU12: 聲力電話系統 | CV12: Acoustic Telephone System | CW12: 27NYE0823 | CZ12: =IF(DB12="","",DB12&"-"&DC12&"-"&DD12&DE12&"-"&DF12&DG12&"-"&DH12&"-"&DI12&DJ12&"-"&DK12) | DA12: =IF(CY12="","",BX12)
A13: =IF(B13="","",B13&"-"&COUNTIF($B$2:B13,B13)) | C13: =IF(F13="","",F13&"-"&COUNTIF(F$2:$H13,F13)) | D13: =IF(G13="","",G13&"-"&COUNTIF(G$2:$H13,G13)) -> 18-11 | E13: =IF(H13="","",H13&"-"&COUNTIF($H$2:H13,H13)) -> 全-12 | G13: 18 | H13: 全 | I13: =IF(Q13="","",COUNTA($Q$2:Q13)) -> 12 | J13: 0011 | K13: 繳交成功 | L13: A0017 | M13: 聲力電話系統 | N13: 43212B | O13: 358.004 SCM | P13: Stowage box(For one telephone) CJ - EST -1-X | Q13: 頭戴式聲力電話放置箱 CJ - EST -1-X(單格) | R13: 聲力電話放置箱-單 | S13: 5965 | T13: YETL | U13: 22083 | V13: =T13&U13 -> YETL22083 | W13: =IF(S13="","",S13&V13) -> 5965YETL22083 | X13: 1 | Y13: 59 | Z13: EA | AA13: 120 | AB13: 3 M | AC13: 50 | AD13: 20000 | AE13: 0.25 | AF13: N | AH13: 4 | AI13: 0823 | AJ13: JSSC | AK13: ARS | AL13: 0 | AN13: BOX,HANDSET STORAGE | AO13: 41713 | AP13: A06600 | AQ13: 聲力電話系統技術手冊 | AR13: 堃翊工程有限公司 | AS13: CLQL | AT13: COLLOQUIAL NAME | AU13: 口語名稱 | AV13: Stowage box(For one telephone) CJ - EST -1-X | AW13: 頭戴式聲力電話放置箱 CJ - EST -1-X(單格) | AX13: STYL | AY13: STYLE DESIGNATOR | AZ13: 外觀型式 | BA13: Headset storage with mounting holes | BB13: 附安裝孔的耳機收納盒 | BC13: ABMK | BD13: OVERALL WIDTH | BE13: 總寬度 | BF13: 265 mm | BG13: 265毫米(左右) | BH13: ABKW | BI13: OVERALL HEIGHT | BJ13: 總高度 | BK13: 273mm | BL13: 273毫米(上下) | BM13: MATT | BN13: MATERIAL | BO13: 材質 | BP13: SUS316 stainless steel | BQ13: SUS316 不鏽鋼 | BR13: C:\\SynologyDrive\\01 JSSC專案\\12 料號申編\\06 次要裝備\\50 聲力電話\\圖片\\12.聲力電話放置箱-單.png | BS13: C | BT13: 4 | BW13: C35 | BX13: B21317 | BY13: 1 | BZ13: 0 | CA13: C | CB13: U | CC13: M | CD13: E | CE13: C | CF13: A | CG13: 00 | CH13: E | CI13: 0 | CJ13: A | CK13: 1973B | CL13: =IF(CK13="","",CJ13&CK13) -> A1973B | CM13: SCM SISTEMAS,S.L. | CN13: 2 | CO13: 3 | CP13: 27NYE0823 | CQ13: FFG | CR13: TA-4CI | CS13: 聲力電話系統 | CT13: 前/後機艙 | CU13: 聲力電話系統 | CV13: Acoustic Telephone System | CW13: 27NYE0823 | CZ13: =IF(DB13="","",DB13&"-"&DC13&"-"&DD13&DE13&"-"&DF13&DG13&"-"&DH13&"-"&DI13&DJ13&"-"&DK13) | DA13: =IF(CY13="","",BX13)
A14: =IF(B14="","",B14&"-"&COUNTIF($B$2:B14,B14)) | C14: =IF(F14="","",F14&"-"&COUNTIF(F$2:$H14,F14)) | D14: =IF(G14="","",G14&"-"&COUNTIF(G$2:$H14,G14)) -> 18-12 | E14: =IF(H14="","",H14&"-"&COUNTIF($H$2:H14,H14)) -> 全-13 | G14: 18 | H14: 全 | I14: =IF(Q14="","",COUNTA($Q$2:Q14)) -> 13 | J14: 0012 | K14: 繳交成功 | L14: A0018 | M14: 聲力電話系統 | N14: 43212C | O14: 358.005 SCM | P14: Stowage box(For two telephones) CJ - EST -2-X | Q14: 頭戴式聲力電話放置箱CJ - EST -2-X(雙格) | R14: 聲力電話放置箱-雙 | S14: 5965 | T14: YETL | U14: 22082 | V14: =T14&U14 -> YETL22082 | W14: =IF(S14="","",S14&V14) -> 5965YETL22082 | X14: 1 | Y14: 16 | Z14: EA | AA14: 150 | AB14: 3 M | AC14: 50 | AD14: 20000 | AE14: 0.25 | AF14: N | AH14: 4 | AI14: 0823 | AJ14: JSSC | AK14: ARS | AL14: 0 | AN14: BOX,HANDSET STORAGE | AO14: 41713 | AP14: A06600 | AQ14: 聲力電話系統技術手冊 | AR14: 堃翊工程有限公司 | AS14: CLQL | AT14: COLLOQUIAL NAME | AU14: 口語名稱 | AV14: Stowage box(For two telephones) CJ - EST -2-X | AW14: 頭戴式聲力電話放置箱CJ - EST -2-X(雙格) | AX14: STYL | AY14: STYLE DESIGNATOR | AZ14: 外觀型式 | BA14: Headset storage with mounting holes | BB14: 附安裝孔的耳機收納盒 | BC14: ABMK | BD14: OVERALL WIDTH | BE14: 總寬度 | BF14: 326 mm | BG14: 326毫米(左右) | BH14: ABKW | BI14: OVERALL HEIGHT | BJ14: 總高度 | BK14: 273mm | BL14: 273毫米(上下) | BM14: MATT | BN14: MATERIAL | BO14: 材質 | BP14: SUS316 stainless steel | BQ14: SUS316 不鏽鋼 | BR14: C:\\SynologyDrive\\01 JSSC專案\\12 料號申編\\06 次要裝備\\50 聲力電話\\圖片\\13.聲力電話放置箱-雙.jpg | BS14: C | BT14: 4 | BW14: C35 | BX14: B21317 | BY14: 1 | BZ14: 0 | CA14: C | CB14: U | CC14: M | CD14: E | CE14: C | CF14: A | CG14: 00 | CH14: E | CI14: 0 | CJ14: A | CK14: 1973B | CL14: =IF(CK14="","",CJ14&CK14) -> A1973B | CM14: SCM SISTEMAS,S.L. | CN14: 2 | CO14: 3 | CP14: 27NYE0823 | CQ14: FFG | CR14: TA-4CI | CS14: 聲力電話系統 | CT14: 前/後機艙 | CU14: 聲力電話系統 | CV14: Acoustic Telephone System | CW14: 27NYE0823 | CZ14: =IF(DB14="","",DB14&"-"&DC14&"-"&DD14&DE14&"-"&DF14&DG14&"-"&DH14&"-"&DI14&DJ14&"-"&DK14) | DA14: =IF(CY14="","",BX14)
A15: =IF(B15="","",B15&"-"&COUNTIF($B$2:B15,B15)) | C15: =IF(F15="","",F15&"-"&COUNTIF(F$2:$H15,F15)) | D15: =IF(G15="","",G15&"-"&COUNTIF(G$2:$H15,G15)) -> 18-13 | E15: =IF(H15="","",H15&"-"&COUNTIF($H$2:H15,H15)) -> 全-14 | G15: 18 | H15: 全 | I15: =IF(Q15="","",COUNTA($Q$2:Q15)) -> 14 | J15: 0013 | K15: 繳交成功 | L15: A0019 | M15: 聲力電話系統 | N15: 43212D | O15: 455.003 | P15: Relay box to activate additional devices. RCB-110 | Q15: 聲力電話繼電器控制盒 | R15: 繼電器控制盒 | S15: 5945 | T15: YETL | U15: 22091 | V15: =T15&U15 -> YETL22091 | W15: =IF(S15="","",S15&V15) -> 5945YETL22091 | X15: 1 | Y15: 46 | Z15: EA | AA15: 50 | AB15: 3 M | AC15: 90 | AD15: 11000 | AE15: 1.5 | AF15: N | AH15: 4 | AI15: 0823 | AJ15: JSSC | AK15: ARS | AL15: 0 | AN15: RELAY ASSEMBLY | AO15: 00447 | AP15: T142-B | AQ15: 聲力電話系統技術手冊 | AR15: 堃翊工程有限公司 | AS15: CLQL | AT15: COLLOQUIAL NAME | AU15: 口語名稱 | AV15: Relay box to activate additional devices. RCB-110 | AW15: 聲力電話繼電器控制盒 | AX15: APCK | AY15: INDIVIDUAL RELAY QUANTITY | AZ15: 單一繼電器數量 | BA15: 1 | BB15: 1 | BC15: ABKW | BD15: OVERALL HEIGHT | BE15: 總高 | BF15: 175 mm | BG15: 175 毫米(上下) | BH15: ABMK | BI15: OVERALL WIDTH | BJ15: 總寬 | BK15: 125 mm | BL15: 125 毫米(左右) | BM15: ABNM | BN15: THICKNESS | BO15: 厚度 | BP15: 100 mm | BQ15: 總深度100 毫米(前後) | BR15: C:\\SynologyDrive\\01 JSSC專案\\12 料號申編\\06 次要裝備\\50 聲力電話\\圖片\\14_聲力電話繼電器控制盒.jpg | BS15: C | BT15: 4 | BW15: C35 | BX15: B21317 | BY15: 1 | BZ15: 0 | CA15: C | CB15: U | CC15: M | CD15: E | CE15: C | CF15: A | CG15: 00 | CH15: E | CI15: 0 | CJ15: A | CK15: 1973B | CL15: =IF(CK15="","",CJ15&CK15) -> A1973B | CM15: SCM SISTEMAS,S.L. | CN15: 2 | CO15: 3 | CP15: 27NYE0823 | CQ15: FFG | CR15: TA-4CI | CS15: 聲力電話系統 | CT15: 前/後機艙 | CU15: 聲力電話系統 | CV15: Acoustic Telephone System | CW15: 27NYE0823 | CZ15: =IF(DB15="","",DB15&"-"&DC15&"-"&DD15&DE15&"-"&DF15&DG15&"-"&DH15&"-"&DI15&DJ15&"-"&DK15) | DA15: =IF(CY15="","",BX15)
A16: =IF(B16="","",B16&"-"&COUNTIF($B$2:B16,B16)) | C16: =IF(F16="","",F16&"-"&COUNTIF(F$2:$H16,F16)) | D16: =IF(G16="","",G16&"-"&COUNTIF(G$2:$H16,G16)) | E16: =IF(H16="","",H16&"-"&COUNTIF($H$2:H16,H16)) | I16: =IF(Q16="","",COUNTA($Q$2:Q16)) | V16: =T16&U16 | W16: =IF(S16="","",S16&V16) | CL16: =IF(CK16="","",CJ16&CK16) | CZ16: =IF(DB16="","",DB16&"-"&DC16&"-"&DD16&DE16&"-"&DF16&DG16&"-"&DH16&"-"&DI16&DJ16&"-"&DK16) | DA16: =IF(CY16="","",BX16)
A17: =IF(B17="","",B17&"-"&COUNTIF($B$2:B17,B17)) | C17: =IF(F17="","",F17&"-"&COUNTIF(F$2:$H17,F17)) | D17: =IF(G17="","",G17&"-"&COUNTIF(G$2:$H17,G17)) | E17: =IF(H17="","",H17&"-"&COUNTIF($H$2:H17,H17)) | I17: =IF(Q17="","",COUNTA($Q$2:Q17)) | V17: =T17&U17 | W17: =IF(S17="","",S17&V17) | CL17: =IF(CK17="","",CJ17&CK17) | CZ17: =IF(DB17="","",DB17&"-"&DC17&"-"&DD17&DE17&"-"&DF17&DG17&"-"&DH17&"-"&DI17&DJ17&"-"&DK17) | DA17: =IF(CY17="","",BX17)
A18: =IF(B18="","",B18&"-"&COUNTIF($B$2:B18,B18)) | C18: =IF(F18="","",F18&"-"&COUNTIF(F$2:$H18,F18)) | D18: =IF(G18="","",G18&"-"&COUNTIF(G$2:$H18,G18)) | E18: =IF(H18="","",H18&"-"&COUNTIF($H$2:H18,H18)) | I18: =IF(Q18="","",COUNTA($Q$2:Q18)) | V18: =T18&U18 | W18: =IF(S18="","",S18&V18) | CL18: =IF(CK18="","",CJ18&CK18) | CZ18: =IF(DB18="","",DB18&"-"&DC18&"-"&DD18&DE18&"-"&DF18&DG18&"-"&DH18&"-"&DI18&DJ18&"-"&DK18) | DA18: =IF(CY18="","",BX18)
A19: =IF(B19="","",B19&"-"&COUNTIF($B$2:B19,B19)) | C19: =IF(F19="","",F19&"-"&COUNTIF(F$2:$H19,F19)) | D19: =IF(G19="","",G19&"-"&COUNTIF(G$2:$H19,G19)) | E19: =IF(H19="","",H19&"-"&COUNTIF($H$2:H19,H19)) | I19: =IF(Q19="","",COUNTA($Q$2:Q19)) | V19: =T19&U19 | W19: =IF(S19="","",S19&V19) | CL19: =IF(CK19="","",CJ19&CK19) | CZ19: =IF(DB19="","",DB19&"-"&DC19&"-"&DD19&DE19&"-"&DF19&DG19&"-"&DH19&"-"&DI19&DJ19&"-"&DK19) | DA19: =IF(CY19="","",BX19)
A20: =IF(B20="","",B20&"-"&COUNTIF($B$2:B20,B20)) | C20: =IF(F20="","",F20&"-"&COUNTIF(F$2:$H20,F20)) | D20: =IF(G20="","",G20&"-"&COUNTIF(G$2:$H20,G20)) | E20: =IF(H20="","",H20&"-"&COUNTIF($H$2:H20,H20)) | I20: =IF(Q20="","",COUNTA($Q$2:Q20)) | V20: =T20&U20 | W20: =IF(S20="","",S20&V20) | CL20: =IF(CK20="","",CJ20&CK20) | CZ20: =IF(DB20="","",DB20&"-"&DC20&"-"&DD20&DE20&"-"&DF20&DG20&"-"&DH20&"-"&DI20&DJ20&"-"&DK20) | DA20: =IF(CY20="","",BX20)
A21: =IF(B21="","",B21&"-"&COUNTIF($B$2:B21,B21)) | C21: =IF(F21="","",F21&"-"&COUNTIF(F$2:$H21,F21)) | D21: =IF(G21="","",G21&"-"&COUNTIF(G$2:$H21,G21)) | E21: =IF(H21="","",H21&"-"&COUNTIF($H$2:H21,H21)) | I21: =IF(Q21="","",COUNTA($Q$2:Q21)) | V21: =T21&U21 | W21: =IF(S21="","",S21&V21) | CL21: =IF(CK21="","",CJ21&CK21) | CZ21: =IF(DB21="","",DB21&"-"&DC21&"-"&DD21&DE21&"-"&DF21&DG21&"-"&DH21&"-"&DI21&DJ21&"-"&DK21) | DA21: =IF(CY21="","",BX21)
A22: =IF(B22="","",B22&"-"&COUNTIF($B$2:B22,B22)) | C22: =IF(F22="","",F22&"-"&COUNTIF(F$2:$H22,F22)) | D22: =IF(G22="","",G22&"-"&COUNTIF(G$2:$H22,G22)) | E22: =IF(H22="","",H22&"-"&COUNTIF($H$2:H22,H22)) | I22: =IF(Q22="","",COUNTA($Q$2:Q22)) | V22: =T22&U22 | W22: =IF(S22="","",S22&V22) | CL22: =IF(CK22="","",CJ22&CK22) | CZ22: =IF(DB22="","",DB22&"-"&DC22&"-"&DD22&DE22&"-"&DF22&DG22&"-"&DH22&"-"&DI22&DJ22&"-"&DK22) | DA22: =IF(CY22="","",BX22)
A23: =IF(B23="","",B23&"-"&COUNTIF($B$2:B23,B23)) | C23: =IF(F23="","",F23&"-"&COUNTIF(F$2:$H23,F23)) | D23: =IF(G23="","",G23&"-"&COUNTIF(G$2:$H23,G23)) | E23: =IF(H23="","",H23&"-"&COUNTIF($H$2:H23,H23)) | I23: =IF(Q23="","",COUNTA($Q$2:Q23)) | V23: =T23&U23 | W23: =IF(S23="","",S23&V23) | CL23: =IF(CK23="","",CJ23&CK23) | CZ23: =IF(DB23="","",DB23&"-"&DC23&"-"&DD23&DE23&"-"&DF23&DG23&"-"&DH23&"-"&DI23&DJ23&"-"&DK23) | DA23: =IF(CY23="","",BX23)
A24: =IF(B24="","",B24&"-"&COUNTIF($B$2:B24,B24)) | C24: =IF(F24="","",F24&"-"&COUNTIF(F$2:$H24,F24)) | D24: =IF(G24="","",G24&"-"&COUNTIF(G$2:$H24,G24)) | E24: =IF(H24="","",H24&"-"&COUNTIF($H$2:H24,H24)) | I24: =IF(Q24="","",COUNTA($Q$2:Q24)) | V24: =T24&U24 | W24: =IF(S24="","",S24&V24) | CL24: =IF(CK24="","",CJ24&CK24) | CZ24: =IF(DB24="","",DB24&"-"&DC24&"-"&DD24&DE24&"-"&DF24&DG24&"-"&DH24&"-"&DI24&DJ24&"-"&DK24) | DA24: =IF(CY24="","",BX24)
A25: =IF(B25="","",B25&"-"&COUNTIF($B$2:B25,B25)) | C25: =IF(F25="","",F25&"-"&COUNTIF(F$2:$H25,F25)) | D25: =IF(G25="","",G25&"-"&COUNTIF(G$2:$H25,G25)) | E25: =IF(H25="","",H25&"-"&COUNTIF($H$2:H25,H25)) | I25: =IF(Q25="","",COUNTA($Q$2:Q25)) | V25: =T25&U25 | W25: =IF(S25="","",S25&V25) | CL25: =IF(CK25="","",CJ25&CK25) | CZ25: =IF(DB25="","",DB25&"-"&DC25&"-"&DD25&DE25&"-"&DF25&DG25&"-"&DH25&"-"&DI25&DJ25&"-"&DK25) | DA25: =IF(CY25="","",BX25)
A26: =IF(B26="","",B26&"-"&COUNTIF($B$2:B26,B26)) | C26: =IF(F26="","",F26&"-"&COUNTIF(F$2:$H26,F26)) | D26: =IF(G26="","",G26&"-"&COUNTIF(G$2:$H26,G26)) | E26: =IF(H26="","",H26&"-"&COUNTIF($H$2:H26,H26)) | I26: =IF(Q26="","",COUNTA($Q$2:Q26)) | V26: =T26&U26 | W26: =IF(S26="","",S26&V26) | CL26: =IF(CK26="","",CJ26&CK26) | CZ26: =IF(DB26="","",DB26&"-"&DC26&"-"&DD26&DE26&"-"&DF26&DG26&"-"&DH26&"-"&DI26&DJ26&"-"&DK26) | DA26: =IF(CY26="","",BX26)
A27: =IF(B27="","",B27&"-"&COUNTIF($B$2:B27,B27)) | C27: =IF(F27="","",F27&"-"&COUNTIF(F$2:$H27,F27)) | D27: =IF(G27="","",G27&"-"&COUNTIF(G$2:$H27,G27)) | E27: =IF(H27="","",H27&"-"&COUNTIF($H$2:H27,H27)) | I27: =IF(Q27="","",COUNTA($Q$2:Q27)) | V27: =T27&U27 | W27: =IF(S27="","",S27&V27) | CL27: =IF(CK27="","",CJ27&CK27) | CZ27: =IF(DB27="","",DB27&"-"&DC27&"-"&DD27&DE27&"-"&DF27&DG27&"-"&DH27&"-"&DI27&DJ27&"-"&DK27) | DA27: =IF(CY27="","",BX27)
... A100: =IF(B100="","",B100&"-"&COUNTIF($B$2:B100,B100)) | C100: =IF(F100="","",F100&"-"&COUNTIF(F$2:$H100,F100)) | D100: =IF(G100="","",G100&"-"&COUNTIF(G$2:$H100,G100)) | E100: =IF(H100="","",H100&"-"&COUNTIF($H$2:H100,H100)) | I100: =IF(Q100="","",COUNTA($Q$2:Q100)) | V100: =T100&U100 | W100: =IF(S100="","",S100&V100) | CL100: =IF(CK100="","",CJ100&CK100) | CZ100: =IF(DB100="","",DB100&"-"&DC100&"-"&DD100&DE100&"-"&DF100&DG100&"-"&DH100&"-"&DI100&DJ100&"-"&DK100) | DA100: =IF(CY100="","",BX100)

Sheet 有料號
A1: 有 | B1: 項次 | C1: 統一組類別 | D1: 品項識別碼 | E1: 武器系統代號 | F1: 英文品名 | G1: 中文品名 | H1: 會計編號 | I1: 撥發單位 | J1: 美金單價 | K1: 單位包裝量 | L1: 存儲壽限代號 | M1: 檔別代號 | N1: 品名代號 | O1: 機密性代號 | P1: 消耗性代號 | Q1: 規格指示 | R1: 海軍軍品來源 | S1: 儲存型式 | T1: 壽限處理代號 | U1: 製造能量 | V1: 修理能量 | W1: 配件號碼(P/N) | X1: 廠商來源代號 | Y1: 廠家登記代號 | Z1: 參考號獲得程度 | AA1: 參考號獲得來源 | AB1: 單機識別碼(CID)
B2: =IF(C2="","",COUNTA($C$2:C2)) | C2: =IFERROR(VLOOKUP($A$1&"-"&ROW(C1),基本資料填寫!$A:$DN,COLUMN(基本資料填寫!S2),0),"") | D2: =IFERROR(VLOOKUP($A$1&"-"&ROW(D1),基本資料填寫!$A:$DN,COLUMN(基本資料填寫!V2),0),"") | E2: =IFERROR(VLOOKUP($A$1&"-"&ROW(E1),基本資料填寫!$A:$DN,COLUMN(基本資料填寫!BW2),0),"") | F2: =IFERROR(VLOOKUP($A$1&"-"&ROW(F1),基本資料填寫!$A:$DN,COLUMN(基本資料填寫!AN2),0),"") | G2: =IFERROR(VLOOKUP($A$1&"-"&ROW(H1),基本資料填寫!$A:$DN,COLUMN(基本資料填寫!R2),0),"") | H2: =IFERROR(VLOOKUP($A$1&"-"&ROW(X1),基本資料填寫!$A:$DN,COLUMN(基本資料填寫!BX2),0),"") | I2: =IFERROR(VLOOKUP($A$1&"-"&ROW(P1),基本資料填寫!$A:$DN,COLUMN(基本資料填寫!Z2),0),"") | J2: =IFERROR(VLOOKUP($A$1&"-"&ROW(Q1),基本資料填寫!$A:$DN,COLUMN(基本資料填寫!AA2),0),"") | K2: =IFERROR(VLOOKUP($A$1&"-"&ROW(Y1),基本資料填寫!$A:$DN,COLUMN(基本資料填寫!BY2),0),"") | L2: =IFERROR(VLOOKUP($A$1&"-"&ROW(Z1),基本資料填寫!$A:$DN,COLUMN(基本資料填寫!BZ2),0),"") | M2: =IFERROR(VLOOKUP($A$1&"-"&ROW(AA1),基本資料填寫!$A:$DN,COLUMN(基本資料填寫!CA2),0),"") | N2: =IFERROR(VLOOKUP($A$1&"-"&ROW(G1),基本資料填寫!$A:$DN,COLUMN(基本資料填寫!AO2),0),"") | O2: =IFERROR(VLOOKUP($A$1&"-"&ROW(AB1),基本資料填寫!$A:$DN,COLUMN(基本資料填寫!CB2),0),"") | P2: =IFERROR(VLOOKUP($A$1&"-"&ROW(AC1),基本資料填寫!$A:$DN,COLUMN(基本資料填寫!CC2),0),"") | Q2: =IFERROR(VLOOKUP($A$1&"-"&ROW(AD1),基本資料填寫!$A:$DN,COLUMN(基本資料填寫!CD2),0),"") | R2: =IFERROR(VLOOKUP($A$1&"-"&ROW(AE1),基本資料填寫!$A:$DN,COLUMN(基本資料填寫!CE2),0),"") | S2: =IFERROR(VLOOKUP($A$1&"-"&ROW(AF1),基本資料填寫!$A:$DN,COLUMN(基本資料填寫!CF2),0),"") | T2: =IFERROR(VLOOKUP($A$1&"-"&ROW(AG1),基本資料填寫!$A:$DN,COLUMN(基本資料填寫!CG2),0),"") | U2: =IFERROR(VLOOKUP($A$1&"-"&ROW(AH1),基本資料填寫!$A:$DN,COLUMN(基本資料填寫!CH2),0),"") | V2: =IFERROR(VLOOKUP($A$1&"-"&ROW(AI1),基本資料填寫!$A:$DN,COLUMN(基本資料填寫!CI2),0),"") | W2: =IFERROR(VLOOKUP($A$1&"-"&ROW(E1),基本資料填寫!$A:$DN,COLUMN(基本資料填寫!O2),0),"") | X2: =IFERROR(VLOOKUP($A$1&"-"&ROW(AJ1),基本資料填寫!$A:$DN,COLUMN(基本資料填寫!CJ2),0),"") | Y2: =IFERROR(VLOOKUP($A$1&"-"&ROW(AK1),基本資料填寫!$A:$DN,COLUMN(基本資料填寫!CK2),0),"") | Z2: =IFERROR(VLOOKUP($A$1&"-"&ROW(AM1),基本資料填寫!$A:$DN,COLUMN(基本資料填寫!CN2),0),"") | AA2: =IFERROR(VLOOKUP($A$1&"-"&ROW(AN1),基本資料填寫!$A:$DN,COLUMN(基本資料填寫!CO2),0),"") | AB2: =IFERROR(VLOOKUP($A$1&"-"&ROW(AO1),基本資料填寫!$A:$DN,COLUMN(基本資料填寫!CP2),0),"")
B3: =IF(C3="","",COUNTA($C$2:C3)) | C3: =IFERROR(VLOOKUP($A$1&"-"&ROW(C2),基本資料填寫!$A:$DN,COLUMN(基本資料填寫!S3),0),"") | D3: =IFERROR(VLOOKUP($A$1&"-"&ROW(D2),基本資料填寫!$A:$DN,COLUMN(基本資料填寫!V3),0),"") | E3: =IFERROR(VLOOKUP($A$1&"-"&ROW(E2),基本資料填寫!$A:$DN,COLUMN(基本資料填寫!BW3),0),"") | F3: =IFERROR(VLOOKUP($A$1&"-"&ROW(F2),基本資料填寫!$A:$DN,COLUMN(基本資料填寫!AN3),0),"") | G3: =IFERROR(VLOOKUP($A$1&"-"&ROW(H2),基本資料填寫!$A:$DN,COLUMN(基本資料填寫!R3),0),"") | H3: =IFERROR(VLOOKUP($A$1&"-"&ROW(X2),基本資料填寫!$A:$DN,COLUMN(基本資料填寫!BX3),0),"") | I3: =IFERROR(VLOOKUP($A$1&"-"&ROW(P2),基本資料填寫!$A:$DN,COLUMN(基本資料填寫!Z3),0),"") | J3: =IFERROR(VLOOKUP($A$1&"-"&ROW(Q2),基本資料填寫!$A:$DN,COLUMN(基本資料填寫!AA3),0),"") | K3: =IFERROR(VLOOKUP($A$1&"-"&ROW(Y2),基本資料填寫!$A:$DN,COLUMN(基本資料填寫!BY3),0),"") | L3: =IFERROR(VLOOKUP($A$1&"-"&ROW(Z2),基本資料填寫!$A:$DN,COLUMN(基本資料填寫!BZ3),0),"") | M3: =IFERROR(VLOOKUP($A$1&"-"&ROW(AA2),基本資料填寫!$A:$DN,COLUMN(基本資料填寫!CA3),0),"") | N3: =IFERROR(VLOOKUP($A$1&"-"&ROW(G2),基本資料填寫!$A:$DN,COLUMN(基本資料填寫!AO3),0),"") | O3: =IFERROR(VLOOKUP($A$1&"-"&ROW(AB2),基本資料填寫!$A:$DN,COLUMN(基本資料填寫!CB3),0),"") | P3: =IFERROR(VLOOKUP($A$1&"-"&ROW(AC2),基本資料填寫!$A:$DN,COLUMN(基本資料填寫!CC3),0),"") | Q3: =IFERROR(VLOOKUP($A$1&"-"&ROW(AD2),基本資料填寫!$A:$DN,COLUMN(基本資料填寫!CD3),0),"") | R3: =IFERROR(VLOOKUP($A$1&"-"&ROW(AE2),基本資料填寫!$A:$DN,COLUMN(基本資料填寫!CE3),0),"") | S3: =IFERROR(VLOOKUP($A$1&"-"&ROW(AF2),基本資料填寫!$A:$DN,COLUMN(基本資料填寫!CF3),0),"") | T3: =IFERROR(VLOOKUP($A$1&"-"&ROW(AG2),基本資料填寫!$A:$DN,COLUMN(基本資料填寫!CG3),0),"") | U3: =IFERROR(VLOOKUP($A$1&"-"&ROW(AH2),基本資料填寫!$A:$DN,COLUMN(基本資料填寫!CH3),0),"") | V3: =IFERROR(VLOOKUP($A$1&"-"&ROW(AI2),基本資料填寫!$A:$DN,COLUMN(基本資料填寫!CI3),0),"") | W3: =IFERROR(VLOOKUP($A$1&"-"&ROW(E2),基本資料填寫!$A:$DN,COLUMN(基本資料填寫!O3),0),"") | X3: =IFERROR(VLOOKUP($A$1&"-"&ROW(AJ2),基本資料填寫!$A:$DN,COLUMN(基本資料填寫!CJ3),0),"") | Y3: =IFERROR(VLOOKUP($A$1&"-"&ROW(AK2),基本資料填寫!$A:$DN,COLUMN(基本資料填寫!CK3),0),"") | Z3: =IFERROR(VLOOKUP($A$1&"-"&ROW(AM2),基本資料填寫!$A:$DN,COLUMN(基本資料填寫!CN3),0),"") | AA3: =IFERROR(VLOOKUP($A$1&"-"&ROW(AN2),基本資料填寫!$A:$DN,COLUMN(基本資料填寫!CO3),0),"") | AB3: =IFERROR(VLOOKUP($A$1&"-"&ROW(AO2),基本資料填寫!$A:$DN,COLUMN(基本資料填寫!CP3),0),"")
B4: =IF(C4="","",COUNTA($C$2:C4)) | C4: =IFERROR(VLOOKUP($A$1&"-"&ROW(C3),基本資料填寫!$A:$DN,COLUMN(基本資料填寫!S4),0),"") | D4: =IFERROR(VLOOKUP($A$1&"-"&ROW(D3),基本資料填寫!$A:$DN,COLUMN(基本資料填寫!V4),0),"") | E4: =IFERROR(VLOOKUP($A$1&"-"&ROW(E3),基本資料填寫!$A:$DN,COLUMN(基本資料填寫!BW4),0),"") | F4: =IFERROR(VLOOKUP($A$1&"-"&ROW(F3),基本資料填寫!$A:$DN,COLUMN(基本資料填寫!AN4),0),"") | G4: =IFERROR(VLOOKUP($A$1&"-"&ROW(H3),基本資料填寫!$A:$DN,COLUMN(基本資料填寫!R4),0),"") | H4: =IFERROR(VLOOKUP($A$1&"-"&ROW(X3),基本資料填寫!$A:$DN,COLUMN(基本資料填寫!BX4),0),"") | I4: =IFERROR(VLOOKUP($A$1&"-"&ROW(P3),基本資料填寫!$A:$DN,COLUMN(基本資料填寫!Z4),0),"") | J4: =IFERROR(VLOOKUP($A$1&"-"&ROW(Q3),基本資料填寫!$A:$DN,COLUMN(基本資料填寫!AA4),0),"") | K4: =IFERROR(VLOOKUP($A$1&"-"&ROW(Y3),基本資料填寫!$A:$DN,COLUMN(基本資料填寫!BY4),0),"") | L4: =IFERROR(VLOOKUP($A$1&"-"&ROW(Z3),基本資料填寫!$A:$DN,COLUMN(基本資料填寫!BZ4),0),"") | M4: =IFERROR(VLOOKUP($A$1&"-"&ROW(AA3),基本資料填寫!$A:$DN,COLUMN(基本資料填寫!CA4),0),"") | N4: =IFERROR(VLOOKUP($A$1&"-"&ROW(G3),基本資料填寫!$A:$DN,COLUMN(基本資料填寫!AO4),0),"") | O4: =IFERROR(VLOOKUP($A$1&"-"&ROW(AB3),基本資料填寫!$A:$DN,COLUMN(基本資料填寫!CB4),0),"") | P4: =IFERROR(VLOOKUP($A$1&"-"&ROW(AC3),基本資料填寫!$A:$DN,COLUMN(基本資料填寫!CC4),0),"") | Q4: =IFERROR(VLOOKUP($A$1&"-"&ROW(AD3),基本資料填寫!$A:$DN,COLUMN(基本資料填寫!CD4),0),"") | R4: =IFERROR(VLOOKUP($A$1&"-"&ROW(AE3),基本資料填寫!$A:$DN,COLUMN(基本資料填寫!CE4),0),"") | S4: =IFERROR(VLOOKUP($A$1&"-"&ROW(AF3),基本資料填寫!$A:$DN,COLUMN(基本資料填寫!CF4),0),"") | T4: =IFERROR(VLOOKUP($A$1&"-"&ROW(AG3),基本資料填寫!$A:$DN,COLUMN(基本資料填寫!CG4),0),"") | U4: =IFERROR(VLOOKUP($A$1&"-"&ROW(AH3),基本資料填寫!$A:$DN,COLUMN(基本資料填寫!CH4),0),"") | V4: =IFERROR(VLOOKUP($A$1&"-"&ROW(AI3),基本資料填寫!$A:$DN,COLUMN(基本資料填寫!CI4),0),"") | W4: =IFERROR(VLOOKUP($A$1&"-"&ROW(E3),基本資料填寫!$A:$DN,COLUMN(基本資料填寫!O4),0),"") | X4: =IFERROR(VLOOKUP($A$1&"-"&ROW(AJ3),基本資料填寫!$A:$DN,COLUMN(基本資料填寫!CJ4),0),"") | Y4: =IFERROR(VLOOKUP($A$1&"-"&ROW(AK3),基本資料填寫!$A:$DN,COLUMN(基本資料填寫!CK4),0),"") | Z4: =IFERROR(VLOOKUP($A$1&"-"&ROW(AM3),基本資料填寫!$A:$DN,COLUMN(基本資料填寫!CN4),0),"") | AA4: =IFERROR(VLOOKUP($A$1&"-"&ROW(AN3),基本資料填寫!$A:$DN,COLUMN(基本資料填寫!CO4),0),"") | AB4: =IFERROR(VLOOKUP($A$1&"-"&ROW(AO3),基本資料填寫!$A:$DN,COLUMN(基本資料填寫!CP4),0),"")
B5: =IF(C5="","",COUNTA($C$2:C5)) | C5: =IFERROR(VLOOKUP($A$1&"-"&ROW(C4),基本資料填寫!$A:$DN,COLUMN(基本資料填寫!S5),0),"") | D5: =IFERROR(VLOOKUP($A$1&"-"&ROW(D4),基本資料填寫!$A:$DN,COLUMN(基本資料填寫!V5),0),"") | E5: =IFERROR(VLOOKUP($A$1&"-"&ROW(E4),基本資料填寫!$A:$DN,COLUMN(基本資料填寫!BW5),0),"") | F5: =IFERROR(VLOOKUP($A$1&"-"&ROW(F4),基本資料填寫!$A:$DN,COLUMN(基本資料填寫!AN5),0),"") | G5: =IFERROR(VLOOKUP($A$1&"-"&ROW(H4),基本資料填寫!$A:$DN,COLUMN(基本資料填寫!R5),0),"") | H5: =IFERROR(VLOOKUP($A$1&"-"&ROW(X4),基本資料填寫!$A:$DN,COLUMN(基本資料填寫!BX5),0),"") | I5: =IFERROR(VLOOKUP($A$1&"-"&ROW(P4),基本資料填寫!$A:$DN,COLUMN(基本資料填寫!Z5),0),"") | J5: =IFERROR(VLOOKUP($A$1&"-"&ROW(Q4),基本資料填寫!$A:$DN,COLUMN(基本資料填寫!AA5),0),"") | K5: =IFERROR(VLOOKUP($A$1&"-"&ROW(Y4),基本資料填寫!$A:$DN,COLUMN(基本資料填寫!BY5),0),"") | L5: =IFERROR(VLOOKUP($A$1&"-"&ROW(Z4),基本資料填寫!$A:$DN,COLUMN(基本資料填寫!BZ5),0),"") | M5: =IFERROR(VLOOKUP($A$1&"-"&ROW(AA4),基本資料填寫!$A:$DN,COLUMN(基本資料填寫!CA5),0),"") | N5: =IFERROR(VLOOKUP($A$1&"-"&ROW(G4),基本資料填寫!$A:$DN,COLUMN(基本資料填寫!AO5),0),"") | O5: =IFERROR(VLOOKUP($A$1&"-"&ROW(AB4),基本資料填寫!$A:$DN,COLUMN(基本資料填寫!CB5),0),"") | P5: =IFERROR(VLOOKUP($A$1&"-"&ROW(AC4),基本資料填寫!$A:$DN,COLUMN(基本資料填寫!CC5),0),"") | Q5: =IFERROR(VLOOKUP($A$1&"-"&ROW(AD4),基本資料填寫!$A:$DN,COLUMN(基本資料填寫!CD5),0),"") | R5: =IFERROR(VLOOKUP($A$1&"-"&ROW(AE4),基本資料填寫!$A:$DN,COLUMN(基本資料填寫!CE5),0),"") | S5: =IFERROR(VLOOKUP($A$1&"-"&ROW(AF4),基本資料填寫!$A:$DN,COLUMN(基本資料填寫!CF5),0),"") | T5: =IFERROR(VLOOKUP($A$1&"-"&ROW(AG4),基本資料填寫!$A:$DN,COLUMN(基本資料填寫!CG5),0),"") | U5: =IFERROR(VLOOKUP($A$1&"-"&ROW(AH4),基本資料填寫!$A:$DN,COLUMN(基本資料填寫!CH5),0),"") | V5: =IFERROR(VLOOKUP($A$1&"-"&ROW(AI4),基本資料填寫!$A:$DN,COLUMN(基本資料填寫!CI5),0),"") | W5: =IFERROR(VLOOKUP($A$1&"-"&ROW(E4),基本資料填寫!$A:$DN,COLUMN(基本資料填寫!O5),0),"") | X5: =IFERROR(VLOOKUP($A$1&"-"&ROW(AJ4),基本資料填寫!$A:$DN,COLUMN(基本資料填寫!CJ5),0),"") | Y5: =IFERROR(VLOOKUP($A$1&"-"&ROW(AK4),基本資料填寫!$A:$DN,COLUMN(基本資料填寫!CK5),0),"") | Z5: =IFERROR(VLOOKUP($A$1&"-"&ROW(AM4),基本資料填寫!$A:$DN,COLUMN(基本資料填寫!CN5),0),"") | AA5: =IFERROR(VLOOKUP($A$1&"-"&ROW(AN4),基本資料填寫!$A:$DN,COLUMN(基本資料填寫!CO5),0),"") | AB5: =IFERROR(VLOOKUP($A$1&"-"&ROW(AO4),基本資料填寫!$A:$DN,COLUMN(基本資料填寫!CP5),0),"")
B6: =IF(C6="","",COUNTA($C$2:C6)) | C6: =IFERROR(VLOOKUP($A$1&"-"&ROW(C5),基本資料填寫!$A:$DN,COLUMN(基本資料填寫!S6),0),"") | D6: =IFERROR(VLOOKUP($A$1&"-"&ROW(D5),基本資料填寫!$A:$DN,COLUMN(基本資料填寫!V6),0),"") | E6: =IFERROR(VLOOKUP($A$1&"-"&ROW(E5),基本資料填寫!$A:$DN,COLUMN(基本資料填寫!BW6),0),"") | F6: =IFERROR(VLOOKUP($A$1&"-"&ROW(F5),基本資料填寫!$A:$DN,COLUMN(基本資料填寫!AN6),0),"") | G6: =IFERROR(VLOOKUP($A$1&"-"&ROW(H5),基本資料填寫!$A:$DN,COLUMN(基本資料填寫!R6),0),"") | H6: =IFERROR(VLOOKUP($A$1&"-"&ROW(X5),基本資料填寫!$A:$DN,COLUMN(基本資料填寫!BX6),0),"") | I6: =IFERROR(VLOOKUP($A$1&"-"&ROW(P5),基本資料填寫!$A:$DN,COLUMN(基本資料填寫!Z6),0),"") | J6: =IFERROR(VLOOKUP($A$1&"-"&ROW(Q5),基本資料填寫!$A:$DN,COLUMN(基本資料填寫!AA6),0),"") | K6: =IFERROR(VLOOKUP($A$1&"-"&ROW(Y5),基本資料填寫!$A:$DN,COLUMN(基本資料填寫!BY6),0),"") | L6: =IFERROR(VLOOKUP($A$1&"-"&ROW(Z5),基本資料填寫!$A:$DN,COLUMN(基本資料填寫!BZ6),0),"") | M6: =IFERROR(VLOOKUP($A$1&"-"&ROW(AA5),基本資料填寫!$A:$DN,COLUMN(基本資料填寫!CA6),0),"") | N6: =IFERROR(VLOOKUP($A$1&"-"&ROW(G5),基本資料填寫!$A:$DN,COLUMN(基本資料填寫!AO6),0),"") | O6: =IFERROR(VLOOKUP($A$1&"-"&ROW(AB5),基本資料填寫!$A:$DN,COLUMN(基本資料填寫!CB6),0),"") | P6: =IFERROR(VLOOKUP($A$1&"-"&ROW(AC5),基本資料填寫!$A:$DN,COLUMN(基本資料填寫!CC6),0),"") | Q6: =IFERROR(VLOOKUP($A$1&"-"&ROW(AD5),基本資料填寫!$A:$DN,COLUMN(基本資料填寫!CD6),0),"") | R6: =IFERROR(VLOOKUP($A$1&"-"&ROW(AE5),基本資料填寫!$A:$DN,COLUMN(基本資料填寫!CE6),0),"") | S6: =IFERROR(VLOOKUP($A$1&"-"&ROW(AF5),基本資料填寫!$A:$DN,COLUMN(基本資料填寫!CF6),0),"") | T6: =IFERROR(VLOOKUP($A$1&"-"&ROW(AG5),基本資料填寫!$A:$DN,COLUMN(基本資料填寫!CG6),0),"") | U6: =IFERROR(VLOOKUP($A$1&"-"&ROW(AH5),基本資料填寫!$A:$DN,COLUMN(基本資料填寫!CH6),0),"") | V6: =IFERROR(VLOOKUP($A$1&"-"&ROW(AI5),基本資料填寫!$A:$DN,COLUMN(基本資料填寫!CI6),0),"") | W6: =IFERROR(VLOOKUP($A$1&"-"&ROW(E5),基本資料填寫!$A:$DN,COLUMN(基本資料填寫!O6),0),"") | X6: =IFERROR(VLOOKUP($A$1&"-"&ROW(AJ5),基本資料填寫!$A:$DN,COLUMN(基本資料填寫!CJ6),0),"") | Y6: =IFERROR(VLOOKUP($A$1&"-"&ROW(AK5),基本資料填寫!$A:$DN,COLUMN(基本資料填寫!CK6),0),"") | Z6: =IFERROR(VLOOKUP($A$1&"-"&ROW(AM5),基本資料填寫!$A:$DN,COLUMN(基本資料填寫!CN6),0),"") | AA6: =IFERROR(VLOOKUP($A$1&"-"&ROW(AN5),基本資料填寫!$A:$DN,COLUMN(基本資料填寫!CO6),0),"") | AB6: =IFERROR(VLOOKUP($A$1&"-"&ROW(AO5),基本資料填寫!$A:$DN,COLUMN(基本資料填寫!CP6),0),"")
B7: =IF(C7="","",COUNTA($C$2:C7)) | C7: =IFERROR(VLOOKUP($A$1&"-"&ROW(C6),基本資料填寫!$A:$DN,COLUMN(基本資料填寫!S7),0),"") | D7: =IFERROR(VLOOKUP($A$1&"-"&ROW(D6),基本資料填寫!$A:$DN,COLUMN(基本資料填寫!V7),0),"") | E7: =IFERROR(VLOOKUP($A$1&"-"&ROW(E6),基本資料填寫!$A:$DN,COLUMN(基本資料填寫!BW7),0),"") | F7: =IFERROR(VLOOKUP($A$1&"-"&ROW(F6),基本資料填寫!$A:$DN,COLUMN(基本資料填寫!AN7),0),"") | G7: =IFERROR(VLOOKUP($A$1&"-"&ROW(H6),基本資料填寫!$A:$DN,COLUMN(基本資料填寫!R7),0),"") | H7: =IFERROR(VLOOKUP($A$1&"-"&ROW(X6),基本資料填寫!$A:$DN,COLUMN(基本資料填寫!BX7),0),"") | I7: =IFERROR(VLOOKUP($A$1&"-"&ROW(P6),基本資料填寫!$A:$DN,COLUMN(基本資料填寫!Z7),0),"") | J7: =IFERROR(VLOOKUP($A$1&"-"&ROW(Q6),基本資料填寫!$A:$DN,COLUMN(基本資料填寫!AA7),0),"") | K7: =IFERROR(VLOOKUP($A$1&"-"&ROW(Y6),基本資料填寫!$A:$DN,COLUMN(基本資料填寫!BY7),0),"") | L7: =IFERROR(VLOOKUP($A$1&"-"&ROW(Z6),基本資料填寫!$A:$DN,COLUMN(基本資料填寫!BZ7),0),"") | M7: =IFERROR(VLOOKUP($A$1&"-"&ROW(AA6),基本資料填寫!$A:$DN,COLUMN(基本資料填寫!CA7),0),"") | N7: =IFERROR(VLOOKUP($A$1&"-"&ROW(G6),基本資料填寫!$A:$DN,COLUMN(基本資料填寫!AO7),0),"") | O7: =IFERROR(VLOOKUP($A$1&"-"&ROW(AB6),基本資料填寫!$A:$DN,COLUMN(基本資料填寫!CB7),0),"") | P7: =IFERROR(VLOOKUP($A$1&"-"&ROW(AC6),基本資料填寫!$A:$DN,COLUMN(基本資料填寫!CC7),0),"") | Q7: =IFERROR(VLOOKUP($A$1&"-"&ROW(AD6),基本資料填寫!$A:$DN,COLUMN(基本資料填寫!CD7),0),"") | R7: =IFERROR(VLOOKUP($A$1&"-"&ROW(AE6),基本資料填寫!$A:$DN,COLUMN(基本資料填寫!CE7),0),"") | S7: =IFERROR(VLOOKUP($A$1&"-"&ROW(AF6),基本資料填寫!$A:$DN,COLUMN(基本資料填寫!CF7),0),"") | T7: =IFERROR(VLOOKUP($A$1&"-"&ROW(AG6),基本資料填寫!$A:$DN,COLUMN(基本資料填寫!CG7),0),"") | U7: =IFERROR(VLOOKUP($A$1&"-"&ROW(AH6),基本資料填寫!$A:$DN,COLUMN(基本資料填寫!CH7),0),"") | V7: =IFERROR(VLOOKUP($A$1&"-"&ROW(AI6),基本資料填寫!$A:$DN,COLUMN(基本資料填寫!CI7),0),"") | W7: =IFERROR(VLOOKUP($A$1&"-"&ROW(E6),基本資料填寫!$A:$DN,COLUMN(基本資料填寫!O7),0),"") | X7: =IFERROR(VLOOKUP($A$1&"-"&ROW(AJ6),基本資料填寫!$A:$DN,COLUMN(基本資料填寫!CJ7),0),"") | Y7: =IFERROR(VLOOKUP($A$1&"-"&ROW(AK6),基本資料填寫!$A:$DN,COLUMN(基本資料填寫!CK7),0),"") | Z7: =IFERROR(VLOOKUP($A$1&"-"&ROW(AM6),基本資料填寫!$A:$DN,COLUMN(基本資料填寫!CN7),0),"") | AA7: =IFERROR(VLOOKUP($A$1&"-"&ROW(AN6),基本資料填寫!$A:$DN,COLUMN(基本資料填寫!CO7),0),"") | AB7: =IFERROR(VLOOKUP($A$1&"-"&ROW(AO6),基本資料填寫!$A:$DN,COLUMN(基本資料填寫!CP7),0),"")
B8: =IF(C8="","",COUNTA($C$2:C8)) | C8: =IFERROR(VLOOKUP($A$1&"-"&ROW(C7),基本資料填寫!$A:$DN,COLUMN(基本資料填寫!S8),0),"") | D8: =IFERROR(VLOOKUP($A$1&"-"&ROW(D7),基本資料填寫!$A:$DN,COLUMN(基本資料填寫!V8),0),"") | E8: =IFERROR(VLOOKUP($A$1&"-"&ROW(E7),基本資料填寫!$A:$DN,COLUMN(基本資料填寫!BW8),0),"") | F8: =IFERROR(VLOOKUP($A$1&"-"&ROW(F7),基本資料填寫!$A:$DN,COLUMN(基本資料填寫!AN8),0),"") | G8: =IFERROR(VLOOKUP($A$1&"-"&ROW(H7),基本資料填寫!$A:$DN,COLUMN(基本資料填寫!R8),0),"") | H8: =IFERROR(VLOOKUP($A$1&"-"&ROW(X7),基本資料填寫!$A:$DN,COLUMN(基本資料填寫!BX8),0),"") | I8: =IFERROR(VLOOKUP($A$1&"-"&ROW(P7),基本資料填寫!$A:$DN,COLUMN(基本資料填寫!Z8),0),"") | J8: =IFERROR(VLOOKUP($A$1&"-"&ROW(Q7),基本資料填寫!$A:$DN,COLUMN(基本資料填寫!AA8),0),"") | K8: =IFERROR(VLOOKUP($A$1&"-"&ROW(Y7),基本資料填寫!$A:$DN,COLUMN(基本資料填寫!BY8),0),"") | L8: =IFERROR(VLOOKUP($A$1&"-"&ROW(Z7),基本資料填寫!$A:$DN,COLUMN(基本資料填寫!BZ8),0),"") | M8: =IFERROR(VLOOKUP($A$1&"-"&ROW(AA7),基本資料填寫!$A:$DN,COLUMN(基本資料填寫!CA8),0),"") | N8: =IFERROR(VLOOKUP($A$1&"-"&ROW(G7),基本資料填寫!$A:$DN,COLUMN(基本資料填寫!AO8),0),"") | O8: =IFERROR(VLOOKUP($A$1&"-"&ROW(AB7),基本資料填寫!$A:$DN,COLUMN(基本資料填寫!CB8),0),"") | P8: =IFERROR(VLOOKUP($A$1&"-"&ROW(AC7),基本資料填寫!$A:$DN,COLUMN(基本資料填寫!CC8),0),"") | Q8: =IFERROR(VLOOKUP($A$1&"-"&ROW(AD7),基本資料填寫!$A:$DN,COLUMN(基本資料填寫!CD8),0),"") | R8: =IFERROR(VLOOKUP($A$1&"-"&ROW(AE7),基本資料填寫!$A:$DN,COLUMN(基本資料填寫!CE8),0),"") | S8: =IFERROR(VLOOKUP($A$1&"-"&ROW(AF7),基本資料填寫!$A:$DN,COLUMN(基本資料填寫!CF8),0),"") | T8: =IFERROR(VLOOKUP($A$1&"-"&ROW(AG7),基本資料填寫!$A:$DN,COLUMN(基本資料填寫!CG8),0),"") | U8: =IFERROR(VLOOKUP($A$1&"-"&ROW(AH7),基本資料填寫!$A:$DN,COLUMN(基本資料填寫!CH8),0),"") | V8: =IFERROR(VLOOKUP($A$1&"-"&ROW(AI7),基本資料填寫!$A:$DN,COLUMN(基本資料填寫!CI8),0),"") | W8: =IFERROR(VLOOKUP($A$1&"-"&ROW(E7),基本資料填寫!$A:$DN,COLUMN(基本資料填寫!O8),0),"") | X8: =IFERROR(VLOOKUP($A$1&"-"&ROW(AJ7),基本資料填寫!$A:$DN,COLUMN(基本資料填寫!CJ8),0),"") | Y8: =IFERROR(VLOOKUP($A$1&"-"&ROW(AK7),基本資料填寫!$A:$DN,COLUMN(基本資料填寫!CK8),0),"") | Z8: =IFERROR(VLOOKUP($A$1&"-"&ROW(AM7),基本資料填寫!$A:$DN,COLUMN(基本資料填寫!CN8),0),"") | AA8: =IFERROR(VLOOKUP($A$1&"-"&ROW(AN7),基本資料填寫!$A:$DN,COLUMN(基本資料填寫!CO8),0),"") | AB8: =IFERROR(VLOOKUP($A$1&"-"&ROW(AO7),基本資料填寫!$A:$DN,COLUMN(基本資料填寫!CP8),0),"")
B9: =IF(C9="","",COUNTA($C$2:C9)) | C9: =IFERROR(VLOOKUP($A$1&"-"&ROW(C8),基本資料填寫!$A:$DN,COLUMN(基本資料填寫!S9),0),"") | D9: =IFERROR(VLOOKUP($A$1&"-"&ROW(D8),基本資料填寫!$A:$DN,COLUMN(基本資料填寫!V9),0),"") | E9: =IFERROR(VLOOKUP($A$1&"-"&ROW(E8),基本資料填寫!$A:$DN,COLUMN(基本資料填寫!BW9),0),"") | F9: =IFERROR(VLOOKUP($A$1&"-"&ROW(F8),基本資料填寫!$A:$DN,COLUMN(基本資料填寫!AN9),0),"") | G9: =IFERROR(VLOOKUP($A$1&"-"&ROW(H8),基本資料填寫!$A:$DN,COLUMN(基本資料填寫!R9),0),"") | H9: =IFERROR(VLOOKUP($A$1&"-"&ROW(X8),基本資料填寫!$A:$DN,COLUMN(基本資料填寫!BX9),0),"") | I9: =IFERROR(VLOOKUP($A$1&"-"&ROW(P8),基本資料填寫!$A:$DN,COLUMN(基本資料填寫!Z9),0),"") | J9: =IFERROR(VLOOKUP($A$1&"-"&ROW(Q8),基本資料填寫!$A:$DN,COLUMN(基本資料填寫!AA9),0),"") | K9: =IFERROR(VLOOKUP($A$1&"-"&ROW(Y8),基本資料填寫!$A:$DN,COLUMN(基本資料填寫!BY9),0),"") | L9: =IFERROR(VLOOKUP($A$1&"-"&ROW(Z8),基本資料填寫!$A:$DN,COLUMN(基本資料填寫!BZ9),0),"") | M9: =IFERROR(VLOOKUP($A$1&"-"&ROW(AA8),基本資料填寫!$A:$DN,COLUMN(基本資料填寫!CA9),0),"") | N9: =IFERROR(VLOOKUP($A$1&"-"&ROW(G8),基本資料填寫!$A:$DN,COLUMN(基本資料填寫!AO9),0),"") | O9: =IFERROR(VLOOKUP($A$1&"-"&ROW(AB8),基本資料填寫!$A:$DN,COLUMN(基本資料填寫!CB9),0),"") | P9: =IFERROR(VLOOKUP($A$1&"-"&ROW(AC8),基本資料填寫!$A:$DN,COLUMN(基本資料填寫!CC9),0),"") | Q9: =IFERROR(VLOOKUP($A$1&"-"&ROW(AD8),基本資料填寫!$A:$DN,COLUMN(基本資料填寫!CD9),0),"") | R9: =IFERROR(VLOOKUP($A$1&"-"&ROW(AE8),基本資料填寫!$A:$DN,COLUMN(基本資料填寫!CE9),0),"") | S9: =IFERROR(VLOOKUP($A$1&"-"&ROW(AF8),基本資料填寫!$A:$DN,COLUMN(基本資料填寫!CF9),0),"") | T9: =IFERROR(VLOOKUP($A$1&"-"&ROW(AG8),基本資料填寫!$A:$DN,COLUMN(基本資料填寫!CG9),0),"") | U9: =IFERROR(VLOOKUP($A$1&"-"&ROW(AH8),基本資料填寫!$A:$DN,COLUMN(基本資料填寫!CH9),0),"") | V9: =IFERROR(VLOOKUP($A$1&"-"&ROW(AI8),基本資料填寫!$A:$DN,COLUMN(基本資料填寫!CI9),0),"") | W9: =IFERROR(VLOOKUP($A$1&"-"&ROW(E8),基本資料填寫!$A:$DN,COLUMN(基本資料填寫!O9),0),"") | X9: =IFERROR(VLOOKUP($A$1&"-"&ROW(AJ8),基本資料填寫!$A:$DN,COLUMN(基本資料填寫!CJ9),0),"") | Y9: =IFERROR(VLOOKUP($A$1&"-"&ROW(AK8),基本資料填寫!$A:$DN,COLUMN(基本資料填寫!CK9),0),"") | Z9: =IFERROR(VLOOKUP($A$1&"-"&ROW(AM8),基本資料填寫!$A:$DN,COLUMN(基本資料填寫!CN9),0),"") | AA9: =IFERROR(VLOOKUP($A$1&"-"&ROW(AN8),基本資料填寫!$A:$DN,COLUMN(基本資料填寫!CO9),0),"") | AB9: =IFERROR(VLOOKUP($A$1&"-"&ROW(AO8),基本資料填寫!$A:$DN,COLUMN(基本資料填寫!CP9),0),"")
B10: =IF(C10="","",COUNTA($C$2:C10)) | C10: =IFERROR(VLOOKUP($A$1&"-"&ROW(C9),基本資料填寫!$A:$DN,COLUMN(基本資料填寫!S10),0),"") | D10: =IFERROR(VLOOKUP($A$1&"-"&ROW(D9),基本資料填寫!$A:$DN,COLUMN(基本資料填寫!V10),0),"") | E10: =IFERROR(VLOOKUP($A$1&"-"&ROW(E9),基本資料填寫!$A:$DN,COLUMN(基本資料填寫!BW10),0),"") | F10: =IFERROR(VLOOKUP($A$1&"-"&ROW(F9),基本資料填寫!$A:$DN,COLUMN(基本資料填寫!AN10),0),"") | G10: =IFERROR(VLOOKUP($A$1&"-"&ROW(H9),基本資料填寫!$A:$DN,COLUMN(基本資料填寫!R10),0),"") | H10: =IFERROR(VLOOKUP($A$1&"-"&ROW(X9),基本資料填寫!$A:$DN,COLUMN(基本資料填寫!BX10),0),"") | I10: =IFERROR(VLOOKUP($A$1&"-"&ROW(P9),基本資料填寫!$A:$DN,COLUMN(基本資料填寫!Z10),0),"") | J10: =IFERROR(VLOOKUP($A$1&"-"&ROW(Q9),基本資料填寫!$A:$DN,COLUMN(基本資料填寫!AA10),0),"") | K10: =IFERROR(VLOOKUP($A$1&"-"&ROW(Y9),基本資料填寫!$A:$DN,COLUMN(基本資料填寫!BY10),0),"") | L10: =IFERROR(VLOOKUP($A$1&"-"&ROW(Z9),基本資料填寫!$A:$DN,COLUMN(基本資料填寫!BZ10),0),"") | M10: =IFERROR(VLOOKUP($A$1&"-"&ROW(AA9),基本資料填寫!$A:$DN,COLUMN(基本資料填寫!CA10),0),"") | N10: =IFERROR(VLOOKUP($A$1&"-"&ROW(G9),基本資料填寫!$A:$DN,COLUMN(基本資料填寫!AO10),0),"") | O10: =IFERROR(VLOOKUP($A$1&"-"&ROW(AB9),基本資料填寫!$A:$DN,COLUMN(基本資料填寫!CB10),0),"") | P10: =IFERROR(VLOOKUP($A$1&"-"&ROW(AC9),基本資料填寫!$A:$DN,COLUMN(基本資料填寫!CC10),0),"") | Q10: =IFERROR(VLOOKUP($A$1&"-"&ROW(AD9),基本資料填寫!$A:$DN,COLUMN(基本資料填寫!CD10),0),"") | R10: =IFERROR(VLOOKUP($A$1&"-"&ROW(AE9),基本資料填寫!$A:$DN,COLUMN(基本資料填寫!CE10),0),"") | S10: =IFERROR(VLOOKUP($A$1&"-"&ROW(AF9),基本資料填寫!$A:$DN,COLUMN(基本資料填寫!CF10),0),"") | T10: =IFERROR(VLOOKUP($A$1&"-"&ROW(AG9),基本資料填寫!$A:$DN,COLUMN(基本資料填寫!CG10),0),"") | U10: =IFERROR(VLOOKUP($A$1&"-"&ROW(AH9),基本資料填寫!$A:$DN,COLUMN(基本資料填寫!CH10),0),"") | V10: =IFERROR(VLOOKUP($A$1&"-"&ROW(AI9),基本資料填寫!$A:$DN,COLUMN(基本資料填寫!CI10),0),"") | W10: =IFERROR(VLOOKUP($A$1&"-"&ROW(E9),基本資料填寫!$A:$DN,COLUMN(基本資料填寫!O10),0),"") | X10: =IFERROR(VLOOKUP($A$1&"-"&ROW(AJ9),基本資料填寫!$A:$DN,COLUMN(基本資料填寫!CJ10),0),"") | Y10: =IFERROR(VLOOKUP($A$1&"-"&ROW(AK9),基本資料填寫!$A:$DN,COLUMN(基本資料填寫!CK10),0),"") | Z10: =IFERROR(VLOOKUP($A$1&"-"&ROW(AM9),基本資料填寫!$A:$DN,COLUMN(基本資料填寫!CN10),0),"") | AA10: =IFERROR(VLOOKUP($A$1&"-"&ROW(AN9),基本資料填寫!$A:$DN,COLUMN(基本資料填寫!CO10),0),"") | AB10: =IFERROR(VLOOKUP($A$1&"-"&ROW(AO9),基本資料填寫!$A:$DN,COLUMN(基本資料填寫!CP10),0),"")
B11: =IF(C11="","",COUNTA($C$2:C11)) | C11: =IFERROR(VLOOKUP($A$1&"-"&ROW(C10),基本資料填寫!$A:$DN,COLUMN(基本資料填寫!S11),0),"") | D11: =IFERROR(VLOOKUP($A$1&"-"&ROW(D10),基本資料填寫!$A:$DN,COLUMN(基本資料填寫!V11),0),"") | E11: =IFERROR(VLOOKUP($A$1&"-"&ROW(E10),基本資料填寫!$A:$DN,COLUMN(基本資料填寫!BW11),0),"") | F11: =IFERROR(VLOOKUP($A$1&"-"&ROW(F10),基本資料填寫!$A:$DN,COLUMN(基本資料填寫!AN11),0),"") | G11: =IFERROR(VLOOKUP($A$1&"-"&ROW(H10),基本資料填寫!$A:$DN,COLUMN(基本資料填寫!R11),0),"") | H11: =IFERROR(VLOOKUP($A$1&"-"&ROW(X10),基本資料填寫!$A:$DN,COLUMN(基本資料填寫!BX11),0),"") | I11: =IFERROR(VLOOKUP($A$1&"-"&ROW(P10),基本資料填寫!$A:$DN,COLUMN(基本資料填寫!Z11),0),"") | J11: =IFERROR(VLOOKUP($A$1&"-"&ROW(Q10),基本資料填寫!$A:$DN,COLUMN(基本資料填寫!AA11),0),"") | K11: =IFERROR(VLOOKUP($A$1&"-"&ROW(Y10),基本資料填寫!$A:$DN,COLUMN(基本資料填寫!BY11),0),"") | L11: =IFERROR(VLOOKUP($A$1&"-"&ROW(Z10),基本資料填寫!$A:$DN,COLUMN(基本資料填寫!BZ11),0),"") | M11: =IFERROR(VLOOKUP($A$1&"-"&ROW(AA10),基本資料填寫!$A:$DN,COLUMN(基本資料填寫!CA11),0),"") | N11: =IFERROR(VLOOKUP($A$1&"-"&ROW(G10),基本資料填寫!$A:$DN,COLUMN(基本資料填寫!AO11),0),"") | O11: =IFERROR(VLOOKUP($A$1&"-"&ROW(AB10),基本資料填寫!$A:$DN,COLUMN(基本資料填寫!CB11),0),"") | P11: =IFERROR(VLOOKUP($A$1&"-"&ROW(AC10),基本資料填寫!$A:$DN,COLUMN(基本資料填寫!CC11),0),"") | Q11: =IFERROR(VLOOKUP($A$1&"-"&ROW(AD10),基本資料填寫!$A:$DN,COLUMN(基本資料填寫!CD11),0),"") | R11: =IFERROR(VLOOKUP($A$1&"-"&ROW(AE10),基本資料填寫!$A:$DN,COLUMN(基本資料填寫!CE11),0),"") | S11: =IFERROR(VLOOKUP($A$1&"-"&ROW(AF10),基本資料填寫!$A:$DN,COLUMN(基本資料填寫!CF11),0),"") | T11: =IFERROR(VLOOKUP($A$1&"-"&ROW(AG10),基本資料填寫!$A:$DN,COLUMN(基本資料填寫!CG11),0),"") | U11: =IFERROR(VLOOKUP($A$1&"-"&ROW(AH10),基本資料填寫!$A:$DN,COLUMN(基本資料填寫!CH11),0),"") | V11: =IFERROR(VLOOKUP($A$1&"-"&ROW(AI10),基本資料填寫!$A:$DN,COLUMN(基本資料填寫!CI11),0),"") | W11: =IFERROR(VLOOKUP($A$1&"-"&ROW(E10),基本資料填寫!$A:$DN,COLUMN(基本資料填寫!O11),0),"") | X11: =IFERROR(VLOOKUP($A$1&"-"&ROW(AJ10),基本資料填寫!$A:$DN,COLUMN(基本資料填寫!CJ11),0),"") | Y11: =IFERROR(VLOOKUP($A$1&"-"&ROW(AK10),基本資料填寫!$A:$DN,COLUMN(基本資料填寫!CK11),0),"") | Z11: =IFERROR(VLOOKUP($A$1&"-"&ROW(AM10),基本資料填寫!$A:$DN,COLUMN(基本資料填寫!CN11),0),"") | AA11: =IFERROR(VLOOKUP($A$1&"-"&ROW(AN10),基本資料填寫!$A:$DN,COLUMN(基本資料填寫!CO11),0),"") | AB11: =IFERROR(VLOOKUP($A$1&"-"&ROW(AO10),基本資料填寫!$A:$DN,COLUMN(基本資料填寫!CP11),0),"")
B12: =IF(C12="","",COUNTA($C$2:C12)) | C12: =IFERROR(VLOOKUP($A$1&"-"&ROW(C11),基本資料填寫!$A:$DN,COLUMN(基本資料填寫!S12),0),"") | D12: =IFERROR(VLOOKUP($A$1&"-"&ROW(D11),基本資料填寫!$A:$DN,COLUMN(基本資料填寫!V12),0),"") | E12: =IFERROR(VLOOKUP($A$1&"-"&ROW(E11),基本資料填寫!$A:$DN,COLUMN(基本資料填寫!BW12),0),"") | F12: =IFERROR(VLOOKUP($A$1&"-"&ROW(F11),基本資料填寫!$A:$DN,COLUMN(基本資料填寫!AN12),0),"") | G12: =IFERROR(VLOOKUP($A$1&"-"&ROW(H11),基本資料填寫!$A:$DN,COLUMN(基本資料填寫!R12),0),"") | H12: =IFERROR(VLOOKUP($A$1&"-"&ROW(X11),基本資料填寫!$A:$DN,COLUMN(基本資料填寫!BX12),0),"") | I12: =IFERROR(VLOOKUP($A$1&"-"&ROW(P11),基本資料填寫!$A:$DN,COLUMN(基本資料填寫!Z12),0),"") | J12: =IFERROR(VLOOKUP($A$1&"-"&ROW(Q11),基本資料填寫!$A:$DN,COLUMN(基本資料填寫!AA12),0),"") | K12: =IFERROR(VLOOKUP($A$1&"-"&ROW(Y11),基本資料填寫!$A:$DN,COLUMN(基本資料填寫!BY12),0),"") | L12: =IFERROR(VLOOKUP($A$1&"-"&ROW(Z11),基本資料填寫!$A:$DN,COLUMN(基本資料填寫!BZ12),0),"") | M12: =IFERROR(VLOOKUP($A$1&"-"&ROW(AA11),基本資料填寫!$A:$DN,COLUMN(基本資料填寫!CA12),0),"") | N12: =IFERROR(VLOOKUP($A$1&"-"&ROW(G11),基本資料填寫!$A:$DN,COLUMN(基本資料填寫!AO12),0),"") | O12: =IFERROR(VLOOKUP($A$1&"-"&ROW(AB11),基本資料填寫!$A:$DN,COLUMN(基本資料填寫!CB12),0),"") | P12: =IFERROR(VLOOKUP($A$1&"-"&ROW(AC11),基本資料填寫!$A:$DN,COLUMN(基本資料填寫!CC12),0),"") | Q12: =IFERROR(VLOOKUP($A$1&"-"&ROW(AD11),基本資料填寫!$A:$DN,COLUMN(基本資料填寫!CD12),0),"") | R12: =IFERROR(VLOOKUP($A$1&"-"&ROW(AE11),基本資料填寫!$A:$DN,COLUMN(基本資料填寫!CE12),0),"") | S12: =IFERROR(VLOOKUP($A$1&"-"&ROW(AF11),基本資料填寫!$A:$DN,COLUMN(基本資料填寫!CF12),0),"") | T12: =IFERROR(VLOOKUP($A$1&"-"&ROW(AG11),基本資料填寫!$A:$DN,COLUMN(基本資料填寫!CG12),0),"") | U12: =IFERROR(VLOOKUP($A$1&"-"&ROW(AH11),基本資料填寫!$A:$DN,COLUMN(基本資料填寫!CH12),0),"") | V12: =IFERROR(VLOOKUP($A$1&"-"&ROW(AI11),基本資料填寫!$A:$DN,COLUMN(基本資料填寫!CI12),0),"") | W12: =IFERROR(VLOOKUP($A$1&"-"&ROW(E11),基本資料填寫!$A:$DN,COLUMN(基本資料填寫!O12),0),"") | X12: =IFERROR(VLOOKUP($A$1&"-"&ROW(AJ11),基本資料填寫!$A:$DN,COLUMN(基本資料填寫!CJ12),0),"") | Y12: =IFERROR(VLOOKUP($A$1&"-"&ROW(AK11),基本資料填寫!$A:$DN,COLUMN(基本資料填寫!CK12),0),"") | Z12: =IFERROR(VLOOKUP($A$1&"-"&ROW(AM11),基本資料填寫!$A:$DN,COLUMN(基本資料填寫!CN12),0),"") | AA12: =IFERROR(VLOOKUP($A$1&"-"&ROW(AN11),基本資料填寫!$A:$DN,COLUMN(基本資料填寫!CO12),0),"") | AB12: =IFERROR(VLOOKUP($A$1&"-"&ROW(AO11),基本資料填寫!$A:$DN,COLUMN(基本資料填寫!CP12),0),"")
B13: =IF(C13="","",COUNTA($C$2:C13)) | C13: =IFERROR(VLOOKUP($A$1&"-"&ROW(C12),基本資料填寫!$A:$DN,COLUMN(基本資料填寫!S13),0),"") | D13: =IFERROR(VLOOKUP($A$1&"-"&ROW(D12),基本資料填寫!$A:$DN,COLUMN(基本資料填寫!V13),0),"") | E13: =IFERROR(VLOOKUP($A$1&"-"&ROW(E12),基本資料填寫!$A:$DN,COLUMN(基本資料填寫!BW13),0),"") | F13: =IFERROR(VLOOKUP($A$1&"-"&ROW(F12),基本資料填寫!$A:$DN,COLUMN(基本資料填寫!AN13),0),"") | G13: =IFERROR(VLOOKUP($A$1&"-"&ROW(H12),基本資料填寫!$A:$DN,COLUMN(基本資料填寫!R13),0),"") | H13: =IFERROR(VLOOKUP($A$1&"-"&ROW(X12),基本資料填寫!$A:$DN,COLUMN(基本資料填寫!BX13),0),"") | I13: =IFERROR(VLOOKUP($A$1&"-"&ROW(P12),基本資料填寫!$A:$DN,COLUMN(基本資料填寫!Z13),0),"") | J13: =IFERROR(VLOOKUP($A$1&"-"&ROW(Q12),基本資料填寫!$A:$DN,COLUMN(基本資料填寫!AA13),0),"") | K13: =IFERROR(VLOOKUP($A$1&"-"&ROW(Y12),基本資料填寫!$A:$DN,COLUMN(基本資料填寫!BY13),0),"") | L13: =IFERROR(VLOOKUP($A$1&"-"&ROW(Z12),基本資料填寫!$A:$DN,COLUMN(基本資料填寫!BZ13),0),"") | M13: =IFERROR(VLOOKUP($A$1&"-"&ROW(AA12),基本資料填寫!$A:$DN,COLUMN(基本資料填寫!CA13),0),"") | N13: =IFERROR(VLOOKUP($A$1&"-"&ROW(G12),基本資料填寫!$A:$DN,COLUMN(基本資料填寫!AO13),0),"") | O13: =IFERROR(VLOOKUP($A$1&"-"&ROW(AB12),基本資料填寫!$A:$DN,COLUMN(基本資料填寫!CB13),0),"") | P13: =IFERROR(VLOOKUP($A$1&"-"&ROW(AC12),基本資料填寫!$A:$DN,COLUMN(基本資料填寫!CC13),0),"") | Q13: =IFERROR(VLOOKUP($A$1&"-"&ROW(AD12),基本資料填寫!$A:$DN,COLUMN(基本資料填寫!CD13),0),"") | R13: =IFERROR(VLOOKUP($A$1&"-"&ROW(AE12),基本資料填寫!$A:$DN,COLUMN(基本資料填寫!CE13),0),"") | S13: =IFERROR(VLOOKUP($A$1&"-"&ROW(AF12),基本資料填寫!$A:$DN,COLUMN(基本資料填寫!CF13),0),"") | T13: =IFERROR(VLOOKUP($A$1&"-"&ROW(AG12),基本資料填寫!$A:$DN,COLUMN(基本資料填寫!CG13),0),"") | U13: =IFERROR(VLOOKUP($A$1&"-"&ROW(AH12),基本資料填寫!$A:$DN,COLUMN(基本資料填寫!CH13),0),"") | V13: =IFERROR(VLOOKUP($A$1&"-"&ROW(AI12),基本資料填寫!$A:$DN,COLUMN(基本資料填寫!CI13),0),"") | W13: =IFERROR(VLOOKUP($A$1&"-"&ROW(E12),基本資料填寫!$A:$DN,COLUMN(基本資料填寫!O13),0),"") | X13: =IFERROR(VLOOKUP($A$1&"-"&ROW(AJ12),基本資料填寫!$A:$DN,COLUMN(基本資料填寫!CJ13),0),"") | Y13: =IFERROR(VLOOKUP($A$1&"-"&ROW(AK12),基本資料填寫!$A:$DN,COLUMN(基本資料填寫!CK13),0),"") | Z13: =IFERROR(VLOOKUP($A$1&"-"&ROW(AM12),基本資料填寫!$A:$DN,COLUMN(基本資料填寫!CN13),0),"") | AA13: =IFERROR(VLOOKUP($A$1&"-"&ROW(AN12),基本資料填寫!$A:$DN,COLUMN(基本資料填寫!CO13),0),"") | AB13: =IFERROR(VLOOKUP($A$1&"-"&ROW(AO12),基本資料填寫!$A:$DN,COLUMN(基本資料填寫!CP13),0),"")
... B100: =IF(C100="","",COUNTA($C$2:C100)) | C100: =IFERROR(VLOOKUP($A$1&"-"&ROW(C99),基本資料填寫!$A:$DN,COLUMN(基本資料填寫!S100),0),"") | D100: =IFERROR(VLOOKUP($A$1&"-"&ROW(D99),基本資料填寫!$A:$DN,COLUMN(基本資料填寫!V100),0),"") | E100: =IFERROR(VLOOKUP($A$1&"-"&ROW(E99),基本資料填寫!$A:$DN,COLUMN(基本資料填寫!BW100),0),"") | F100: =IFERROR(VLOOKUP($A$1&"-"&ROW(F99),基本資料填寫!$A:$DN,COLUMN(基本資料填寫!AN100),0),"") | G100: =IFERROR(VLOOKUP($A$1&"-"&ROW(H99),基本資料填寫!$A:$DN,COLUMN(基本資料填寫!R100),0),"") | H100: =IFERROR(VLOOKUP($A$1&"-"&ROW(X99),基本資料填寫!$A:$DN,COLUMN(基本資料填寫!BX100),0),"") | I100: =IFERROR(VLOOKUP($A$1&"-"&ROW(P99),基本資料填寫!$A:$DN,COLUMN(基本資料填寫!Z100),0),"") | J100: =IFERROR(VLOOKUP($A$1&"-"&ROW(Q99),基本資料填寫!$A:$DN,COLUMN(基本資料填寫!AA100),0),"") | K100: =IFERROR(VLOOKUP($A$1&"-"&ROW(Y99),基本資料填寫!$A:$DN,COLUMN(基本資料填寫!BY100),0),"") | L100: =IFERROR(VLOOKUP($A$1&"-"&ROW(Z99),基本資料填寫!$A:$DN,COLUMN(基本資料填寫!BZ100),0),"") | M100: =IFERROR(VLOOKUP($A$1&"-"&ROW(AA99),基本資料填寫!$A:$DN,COLUMN(基本資料填寫!CA100),0),"") | N100: =IFERROR(VLOOKUP($A$1&"-"&ROW(G99),基本資料填寫!$A:$DN,COLUMN(基本資料填寫!AO100),0),"") | O100: =IFERROR(VLOOKUP($A$1&"-"&ROW(AB99),基本資料填寫!$A:$DN,COLUMN(基本資料填寫!CB100),0),"") | P100: =IFERROR(VLOOKUP($A$1&"-"&ROW(AC99),基本資料填寫!$A:$DN,COLUMN(基本資料填寫!CC100),0),"") | Q100: =IFERROR(VLOOKUP($A$1&"-"&ROW(AD99),基本資料填寫!$A:$DN,COLUMN(基本資料填寫!CD100),0),"") | R100: =IFERROR(VLOOKUP($A$1&"-"&ROW(AE99),基本資料填寫!$A:$DN,COLUMN(基本資料填寫!CE100),0),"") | S100: =IFERROR(VLOOKUP($A$1&"-"&ROW(AF99),基本資料填寫!$A:$DN,COLUMN(基本資料填寫!CF100),0),"") | T100: =IFERROR(VLOOKUP($A$1&"-"&ROW(AG99),基本資料填寫!$A:$DN,COLUMN(基本資料填寫!CG100),0),"") | U100: =IFERROR(VLOOKUP($A$1&"-"&ROW(AH99),基本資料填寫!$A:$DN,COLUMN(基本資料填寫!CH100),0),"") | V100: =IFERROR(VLOOKUP($A$1&"-"&ROW(AI99),基本資料填寫!$A:$DN,COLUMN(基本資料填寫!CI100),0),"") | W100: =IFERROR(VLOOKUP($A$1&"-"&ROW(E99),基本資料填寫!$A:$DN,COLUMN(基本資料填寫!O100),0),"") | X100: =IFERROR(VLOOKUP($A$1&"-"&ROW(AJ99),基本資料填寫!$A:$DN,COLUMN(基本資料填寫!CJ100),0),"") | Y100: =IFERROR(VLOOKUP($A$1&"-"&ROW(AK99),基本資料填寫!$A:$DN,COLUMN(基本資料填寫!CK100),0),"") | Z100: =IFERROR(VLOOKUP($A$1&"-"&ROW(AM99),基本資料填寫!$A:$DN,COLUMN(基本資料填寫!CN100),0),"") | AA100: =IFERROR(VLOOKUP($A$1&"-"&ROW(AN99),基本資料填寫!$A:$DN,COLUMN(基本資料填寫!CO100),0),"") | AB100: =IFERROR(VLOOKUP($A$1&"-"&ROW(AO99),基本資料填寫!$A:$DN,COLUMN(基本資料填寫!CP100),0),"")

Sheet 無料號
A1: 無 | B1: 申編單 提送狀態 | C1: 表單 編號 | D1: 項次 | E1: 統一組類別 | F1: YETL | G1: 品項識別碼 | H1: 武器系統代號 | I1: 英文品名 | J1: 中文品名 | K1: 會計編號 | L1: 撥發單位 | M1: 美金單價 | N1: 單位包裝量 | O1: 存儲壽限代號 | P1: 檔別代號 | Q1: 品名代號 | R1: 機密性代號 | S1: 消耗性代號 | T1: 規格指示 | U1: 海軍軍品來源 | V1: 儲存型式 | W1: 壽限處理代號 | X1: 製造能量 | Y1: 修理能量 | Z1: 配件號碼(P/N) | AA1: 廠商來源代號 | AB1: 廠家登記代號 | AC1: 參考號獲得程度 | AD1: 參考號獲得來源 | AE1: 單機識別碼(CID) | AF1: 艦型 | AG1: 型式 | AH1: 品名 | AI1: 裝置數 | AJ1: 位置 | AK1: 文件來源 | AL1: 製造商 | AM1: 代理商 | AN1: FIIG | AO1: INC | AP1: 規格資料(1) 縮寫 | AQ1: 規格資料(1) 英文 | AR1: 規格資料(1)翻譯 | AS1: 英答(1) | AT1: 中答(1) | AU1: 規格資料(2) 縮寫 | AV1: 規格資料(2) 英文 | AW1: 規格資料(2)翻譯 | AX1: 英答(2) | AY1: 中答(2) | AZ1: 規格資料(3)縮寫 | BA1: 規格資料(3) 英文 | BB1: 規格資料(3) 翻譯 | BC1: 英答(3) | BD1: 中答(3) | BE1: 規格資料(4) 縮寫 | BF1: 規格資料(4) 英文 | BG1: 規格資料(4) 翻譯 | BH1: 英答(4) | BI1: 中答(4) | BJ1: 規格資料(5)縮寫 | BK1: 規格資料(5) 英文 | BL1: 規格資料(5) 翻譯 | BM1: 英答(5) | BN1: 中答(5) | BO1: 圖片路徑
B2: =IFERROR(VLOOKUP($A$1&"-"&ROW(A1),基本資料填寫!$A:$DN,COLUMN(基本資料填寫!K2),0),"") -> 待送出 | C2: =IFERROR(VLOOKUP($A$1&"-"&ROW(B1),基本資料填寫!$A:$DN,COLUMN(基本資料填寫!L2),0),"") -> A0073 | D2: =IF(E2="","",COUNTA($E$2:E2)) -> 1 | E2: =IFERROR(VLOOKUP($A$1&"-"&ROW(E1),基本資料填寫!$A:$DN,COLUMN(基本資料填寫!S2),0),"") -> 5965 | G2: =IFERROR(VLOOKUP($A$1&"-"&ROW(G1),基本資料填寫!$A:$DN,COLUMN(基本資料填寫!V2),0),"") -> YETL申請中 | H2: =IFERROR(VLOOKUP($A$1&"-"&ROW(BI1),基本資料填寫!$A:$DN,COLUMN(基本資料填寫!BW2),0),"") -> C35 | I2: =IFERROR(VLOOKUP($A$1&"-"&ROW(I1),基本資料填寫!$A:$DN,COLUMN(基本資料填寫!AN2),0),"") -> HEADSET-CHEST SET,ELECTRICAL | J2: =IFERROR(VLOOKUP($A$1&"-"&ROW(K1),基本資料填寫!$A:$DN,COLUMN(基本資料填寫!R2),0),"") -> 頭戴式聲力電話 | K2: =IFERROR(VLOOKUP($A$1&"-"&ROW(AA1),基本資料填寫!$A:$DN,COLUMN(基本資料填寫!BX2),0),"") -> B21317 | L2: =IFERROR(VLOOKUP($A$1&"-"&ROW(S1),基本資料填寫!$A:$DN,COLUMN(基本資料填寫!Z2),0),"") -> EA | M2: =IFERROR(VLOOKUP($A$1&"-"&ROW(T1),基本資料填寫!$A:$DN,COLUMN(基本資料填寫!AA2),0),"") -> 1200 | N2: =IFERROR(VLOOKUP($A$1&"-"&ROW(AB1),基本資料填寫!$A:$DN,COLUMN(基本資料填寫!BY2),0),"") -> 1 | O2: =IFERROR(VLOOKUP($A$1&"-"&ROW(AC1),基本資料填寫!$A:$DN,COLUMN(基本資料填寫!BZ2),0),"") -> 0 | P2: =IFERROR(VLOOKUP($A$1&"-"&ROW(AD1),基本資料填寫!$A:$DN,COLUMN(基本資料填寫!CA2),0),"") -> C | Q2: =IFERROR(VLOOKUP($A$1&"-"&ROW(J1),基本資料填寫!$A:$DN,COLUMN(基本資料填寫!AO2),0),"") -> 00710 | R2: =IFERROR(VLOOKUP($A$1&"-"&ROW(AE1),基本資料填寫!$A:$DN,COLUMN(基本資料填寫!CB2),0),"") -> U | S2: =IFERROR(VLOOKUP($A$1&"-"&ROW(AF1),基本資料填寫!$A:$DN,COLUMN(基本資料填寫!CC2),0),"") -> M | T2: =IFERROR(VLOOKUP($A$1&"-"&ROW(AG1),基本資料填寫!$A:$DN,COLUMN(基本資料填寫!CD2),0),"") -> E | U2: =IFERROR(VLOOKUP($A$1&"-"&ROW(AH1),基本資料填寫!$A:$DN,COLUMN(基本資料填寫!CE2),0),"") -> C | V2: =IFERROR(VLOOKUP($A$1&"-"&ROW(AI1),基本資料填寫!$A:$DN,COLUMN(基本資料填寫!CF2),0),"") -> A | W2: =IFERROR(VLOOKUP($A$1&"-"&ROW(AJ1),基本資料填寫!$A:$DN,COLUMN(基本資料填寫!CG2),0),"") -> 00 | X2: =IFERROR(VLOOKUP($A$1&"-"&ROW(AK1),基本資料填寫!$A:$DN,COLUMN(基本資料填寫!CH2),0),"") -> E | Y2: =IFERROR(VLOOKUP($A$1&"-"&ROW(AL1),基本資料填寫!$A:$DN,COLUMN(基本資料填寫!CI2),0),"") -> 0 | Z2: =IFERROR(VLOOKUP($A$1&"-"&ROW(H1),基本資料填寫!$A:$DN,COLUMN(基本資料填寫!O2),0),"") -> 350.500 | AA2: =IFERROR(VLOOKUP($A$1&"-"&ROW(AM1),基本資料填寫!$A:$DN,COLUMN(基本資料填寫!CJ2),0),"") -> A | AB2: =IFERROR(VLOOKUP($A$1&"-"&ROW(AN1),基本資料填寫!$A:$DN,COLUMN(基本資料填寫!CK2),0),"") -> 1973B | AC2: =IFERROR(VLOOKUP($A$1&"-"&ROW(AP1),基本資料填寫!$A:$DN,COLUMN(基本資料填寫!CN2),0),"") -> 2 | AD2: =IFERROR(VLOOKUP($A$1&"-"&ROW(AQ1),基本資料填寫!$A:$DN,COLUMN(基本資料填寫!CO2),0),"") -> 3 | AE2: =IFERROR(VLOOKUP($A$1&"-"&ROW(AR1),基本資料填寫!$A:$DN,COLUMN(基本資料填寫!CP2),0),"") -> 27NYE0823 | AF2: =IFERROR(VLOOKUP($A$1&"-"&ROW(AS1),基本資料填寫!$A:$DN,COLUMN(基本資料填寫!CQ2),0),"") -> FFG | AG2: =IFERROR(VLOOKUP($A$1&"-"&ROW(AT1),基本資料填寫!$A:$DN,COLUMN(基本資料填寫!CR2),0),"") -> TA-4CI | AH2: =IFERROR(VLOOKUP($A$1&"-"&ROW(AU1),基本資料填寫!$A:$DN,COLUMN(基本資料填寫!CS2),0),"") -> 聲力電話系統 | AI2: =IFERROR(VLOOKUP($A$1&"-"&ROW(P1),基本資料填寫!$A:$DN,COLUMN(基本資料填寫!X2),0),"") -> 1 | AJ2: =IFERROR(VLOOKUP($A$1&"-"&ROW(AV1),基本資料填寫!$A:$DN,COLUMN(基本資料填寫!CT2),0),"") -> 前/後機艙 | AK2: =IFERROR(VLOOKUP($A$1&"-"&ROW(AC1),基本資料填寫!$A:$DN,COLUMN(基本資料填寫!AQ2),0),"") -> 聲力電話系統技術手冊 | AL2: =IFERROR(VLOOKUP($A$1&"-"&ROW(AO1),基本資料填寫!$A:$DN,COLUMN(基本資料填寫!CM2),0),"") -> SCM SISTEMAS,S.L. | AM2: =IFERROR(VLOOKUP($A$1&"-"&ROW(AD1),基本資料填寫!$A:$DN,COLUMN(基本資料填寫!AR2),0),"") -> 堃翊工程有限公司 | AN2: =IFERROR(VLOOKUP($A$1&"-"&ROW(K1),基本資料填寫!$A:$DN,COLUMN(基本資料填寫!AP2),0),"") -> A545Q0 | AO2: =IFERROR(VLOOKUP($A$1&"-"&ROW(J1),基本資料填寫!$A:$DN,COLUMN(基本資料填寫!AO2),0),"") -> 00710 | AP2: =IFERROR(VLOOKUP($A$1&"-"&ROW(AE1),基本資料填寫!$A:$DN,COLUMN(基本資料填寫!AS2),0),"") -> CLQL | AQ2: =IFERROR(VLOOKUP($A$1&"-"&ROW(AF1),基本資料填寫!$A:$DN,COLUMN(基本資料填寫!AT2),0),"") -> COLLOQUIAL NAME | AR2: =IFERROR(VLOOKUP($A$1&"-"&ROW(AG1),基本資料填寫!$A:$DN,COLUMN(基本資料填寫!AU2),0),"") -> 口語名稱 | AS2: =IFERROR(VLOOKUP($A$1&"-"&ROW(AH1),基本資料填寫!$A:$DN,COLUMN(基本資料填寫!AV2),0),"") -> Portable chest head sound powered telephone (with/without foot switch) | AT2: =IFERROR(VLOOKUP($A$1&"-"&ROW(AI1),基本資料填寫!$A:$DN,COLUMN(基本資料填寫!AW2),0),"") -> 頭戴式聲力電話(頭戴型及腳控型) | AU2: =IFERROR(VLOOKUP($A$1&"-"&ROW(AJ1),基本資料填寫!$A:$DN,COLUMN(基本資料填寫!AX2),0),"") -> AHES | AV2: =IFERROR(VLOOKUP($A$1&"-"&ROW(AK1),基本資料填寫!$A:$DN,COLUMN(基本資料填寫!AY2),0),"") -> EARPHONE QUANTITY | AW2: =IFERROR(VLOOKUP($A$1&"-"&ROW(AL1),基本資料填寫!$A:$DN,COLUMN(基本資料填寫!AZ2),0),"") -> 耳機數量 | ... BO2: =IFERROR(VLOOKUP($A$1&"-"&ROW(BD1),基本資料填寫!$A:$DN,COLUMN(基本資料填寫!BR2),0),"") -> C:\\SynologyDrive\\01 JSSC專案\\12 料號申編\\06 次要裝備\\50 聲力電話\\圖片\\06.頭戴式.jpg
B3: =IFERROR(VLOOKUP($A$1&"-"&ROW(A2),基本資料填寫!$A:$DN,COLUMN(基本資料填寫!K3),0),"") -> 待送出 | C3: =IFERROR(VLOOKUP($A$1&"-"&ROW(B2),基本資料填寫!$A:$DN,COLUMN(基本資料填寫!L3),0),"") -> A0074 | D3: =IF(E3="","",COUNTA($E$2:E3)) -> 2 | E3: =IFERROR(VLOOKUP($A$1&"-"&ROW(E2),基本資料填寫!$A:$DN,COLUMN(基本資料填寫!S3),0),"") -> 5965 | G3: =IFERROR(VLOOKUP($A$1&"-"&ROW(G2),基本資料填寫!$A:$DN,COLUMN(基本資料填寫!V3),0),"") -> YETL申請中 | H3: =IFERROR(VLOOKUP($A$1&"-"&ROW(BI2),基本資料填寫!$A:$DN,COLUMN(基本資料填寫!BW3),0),"") -> C35 | I3: =IFERROR(VLOOKUP($A$1&"-"&ROW(I2),基本資料填寫!$A:$DN,COLUMN(基本資料填寫!AN3),0),"") -> LOUDSPEAKER-AMPLIFIER | J3: =IFERROR(VLOOKUP($A$1&"-"&ROW(K2),基本資料填寫!$A:$DN,COLUMN(基本資料填寫!R3),0),"") -> 聲力電話放大器 | K3: =IFERROR(VLOOKUP($A$1&"-"&ROW(AA2),基本資料填寫!$A:$DN,COLUMN(基本資料填寫!BX3),0),"") -> B21317 | L3: =IFERROR(VLOOKUP($A$1&"-"&ROW(S2),基本資料填寫!$A:$DN,COLUMN(基本資料填寫!Z3),0),"") -> EA | M3: =IFERROR(VLOOKUP($A$1&"-"&ROW(T2),基本資料填寫!$A:$DN,COLUMN(基本資料填寫!AA3),0),"") -> 650 | N3: =IFERROR(VLOOKUP($A$1&"-"&ROW(AB2),基本資料填寫!$A:$DN,COLUMN(基本資料填寫!BY3),0),"") -> 1 | O3: =IFERROR(VLOOKUP($A$1&"-"&ROW(AC2),基本資料填寫!$A:$DN,COLUMN(基本資料填寫!BZ3),0),"") -> 0 | P3: =IFERROR(VLOOKUP($A$1&"-"&ROW(AD2),基本資料填寫!$A:$DN,COLUMN(基本資料填寫!CA3),0),"") -> C | Q3: =IFERROR(VLOOKUP($A$1&"-"&ROW(J2),基本資料填寫!$A:$DN,COLUMN(基本資料填寫!AO3),0),"") -> 52110 | R3: =IFERROR(VLOOKUP($A$1&"-"&ROW(AE2),基本資料填寫!$A:$DN,COLUMN(基本資料填寫!CB3),0),"") -> U | S3: =IFERROR(VLOOKUP($A$1&"-"&ROW(AF2),基本資料填寫!$A:$DN,COLUMN(基本資料填寫!CC3),0),"") -> M | T3: =IFERROR(VLOOKUP($A$1&"-"&ROW(AG2),基本資料填寫!$A:$DN,COLUMN(基本資料填寫!CD3),0),"") -> E | U3: =IFERROR(VLOOKUP($A$1&"-"&ROW(AH2),基本資料填寫!$A:$DN,COLUMN(基本資料填寫!CE3),0),"") -> C | V3: =IFERROR(VLOOKUP($A$1&"-"&ROW(AI2),基本資料填寫!$A:$DN,COLUMN(基本資料填寫!CF3),0),"") -> A | W3: =IFERROR(VLOOKUP($A$1&"-"&ROW(AJ2),基本資料填寫!$A:$DN,COLUMN(基本資料填寫!CG3),0),"") -> 00 | X3: =IFERROR(VLOOKUP($A$1&"-"&ROW(AK2),基本資料填寫!$A:$DN,COLUMN(基本資料填寫!CH3),0),"") -> E | Y3: =IFERROR(VLOOKUP($A$1&"-"&ROW(AL2),基本資料填寫!$A:$DN,COLUMN(基本資料填寫!CI3),0),"") -> 0 | Z3: =IFERROR(VLOOKUP($A$1&"-"&ROW(H2),基本資料填寫!$A:$DN,COLUMN(基本資料填寫!O3),0),"") -> 455.805 | AA3: =IFERROR(VLOOKUP($A$1&"-"&ROW(AM2),基本資料填寫!$A:$DN,COLUMN(基本資料填寫!CJ3),0),"") -> A | AB3: =IFERROR(VLOOKUP($A$1&"-"&ROW(AN2),基本資料填寫!$A:$DN,COLUMN(基本資料填寫!CK3),0),"") -> 1973B | AC3: =IFERROR(VLOOKUP($A$1&"-"&ROW(AP2),基本資料填寫!$A:$DN,COLUMN(基本資料填寫!CN3),0),"") -> 2 | AD3: =IFERROR(VLOOKUP($A$1&"-"&ROW(AQ2),基本資料填寫!$A:$DN,COLUMN(基本資料填寫!CO3),0),"") -> 3 | AE3: =IFERROR(VLOOKUP($A$1&"-"&ROW(AR2),基本資料填寫!$A:$DN,COLUMN(基本資料填寫!CP3),0),"") -> 27NYE0823 | AF3: =IFERROR(VLOOKUP($A$1&"-"&ROW(AS2),基本資料填寫!$A:$DN,COLUMN(基本資料填寫!CQ3),0),"") -> FFG | AG3: =IFERROR(VLOOKUP($A$1&"-"&ROW(AT2),基本資料填寫!$A:$DN,COLUMN(基本資料填寫!CR3),0),"") -> TA-4CI | AH3: =IFERROR(VLOOKUP($A$1&"-"&ROW(AU2),基本資料填寫!$A:$DN,COLUMN(基本資料填寫!CS3),0),"") -> 聲力電話系統 | AI3: =IFERROR(VLOOKUP($A$1&"-"&ROW(P2),基本資料填寫!$A:$DN,COLUMN(基本資料填寫!X3),0),"") -> 1 | AJ3: =IFERROR(VLOOKUP($A$1&"-"&ROW(AV2),基本資料填寫!$A:$DN,COLUMN(基本資料填寫!CT3),0),"") -> 前/後機艙 | AK3: =IFERROR(VLOOKUP($A$1&"-"&ROW(AC2),基本資料填寫!$A:$DN,COLUMN(基本資料填寫!AQ3),0),"") -> 聲力電話系統技術手冊 | AL3: =IFERROR(VLOOKUP($A$1&"-"&ROW(AO2),基本資料填寫!$A:$DN,COLUMN(基本資料填寫!CM3),0),"") -> SCM SISTEMAS,S.L. | AM3: =IFERROR(VLOOKUP($A$1&"-"&ROW(AD2),基本資料填寫!$A:$DN,COLUMN(基本資料填寫!AR3),0),"") -> 堃翊工程有限公司 | AN3: =IFERROR(VLOOKUP($A$1&"-"&ROW(K2),基本資料填寫!$A:$DN,COLUMN(基本資料填寫!AP3),0),"") -> A11600 | AO3: =IFERROR(VLOOKUP($A$1&"-"&ROW(J2),基本資料填寫!$A:$DN,COLUMN(基本資料填寫!AO3),0),"") -> 52110 | AP3: =IFERROR(VLOOKUP($A$1&"-"&ROW(AE2),基本資料填寫!$A:$DN,COLUMN(基本資料填寫!AS3),0),"") -> CLQL | AQ3: =IFERROR(VLOOKUP($A$1&"-"&ROW(AF2),基本資料填寫!$A:$DN,COLUMN(基本資料填寫!AT3),0),"") -> COLLOQUIAL NAME | AR3: =IFERROR(VLOOKUP($A$1&"-"&ROW(AG2),基本資料填寫!$A:$DN,COLUMN(基本資料填寫!AU3),0),"") -> 口語名稱 | AS3: =IFERROR(VLOOKUP($A$1&"-"&ROW(AH2),基本資料填寫!$A:$DN,COLUMN(基本資料填寫!AV3),0),"") -> Audio Frecuency Amplifie | AT3: =IFERROR(VLOOKUP($A$1&"-"&ROW(AI2),基本資料填寫!$A:$DN,COLUMN(基本資料填寫!AW3),0),"") -> 聲力電話放大器 | AU3: =IFERROR(VLOOKUP($A$1&"-"&ROW(AJ2),基本資料填寫!$A:$DN,COLUMN(基本資料填寫!AX3),0),"") -> STYL | AV3: =IFERROR(VLOOKUP($A$1&"-"&ROW(AK2),基本資料填寫!$A:$DN,COLUMN(基本資料填寫!AY3),0),"") -> STYLE DESIGNATOR | AW3: =IFERROR(VLOOKUP($A$1&"-"&ROW(AL2),基本資料填寫!$A:$DN,COLUMN(基本資料填寫!AZ3),0),"") -> 外觀型式 | ... BO3: =IFERROR(VLOOKUP($A$1&"-"&ROW(BD2),基本資料填寫!$A:$DN,COLUMN(基本資料填寫!BR3),0),"") -> C:\\SynologyDrive\\01 JSSC專案\\12 料號申編\\06 次要裝備\\50 聲力電話\\圖片\\09.放大器.jpg
B4: =IFERROR(VLOOKUP($A$1&"-"&ROW(A3),基本資料填寫!$A:$DN,COLUMN(基本資料填寫!K4),0),"") -> 待送出 | C4: =IFERROR(VLOOKUP($A$1&"-"&ROW(B3),基本資料填寫!$A:$DN,COLUMN(基本資料填寫!L4),0),"") -> A0075 | D4: =IF(E4="","",COUNTA($E$2:E4)) -> 3 | E4: =IFERROR(VLOOKUP($A$1&"-"&ROW(E3),基本資料填寫!$A:$DN,COLUMN(基本資料填寫!S4),0),"") -> 5965 | G4: =IFERROR(VLOOKUP($A$1&"-"&ROW(G3),基本資料填寫!$A:$DN,COLUMN(基本資料填寫!V4),0),"") -> YETL申請中 | H4: =IFERROR(VLOOKUP($A$1&"-"&ROW(BI3),基本資料填寫!$A:$DN,COLUMN(基本資料填寫!BW4),0),"") -> C35 | I4: =IFERROR(VLOOKUP($A$1&"-"&ROW(I3),基本資料填寫!$A:$DN,COLUMN(基本資料填寫!AN4),0),"") -> Loudspeaker, Electromagnetic | J4: =IFERROR(VLOOKUP($A$1&"-"&ROW(K3),基本資料填寫!$A:$DN,COLUMN(基本資料填寫!R4),0),"") -> 揚聲防水喇叭 | K4: =IFERROR(VLOOKUP($A$1&"-"&ROW(AA3),基本資料填寫!$A:$DN,COLUMN(基本資料填寫!BX4),0),"") -> B21317 | L4: =IFERROR(VLOOKUP($A$1&"-"&ROW(S3),基本資料填寫!$A:$DN,COLUMN(基本資料填寫!Z4),0),"") -> EA | M4: =IFERROR(VLOOKUP($A$1&"-"&ROW(T3),基本資料填寫!$A:$DN,COLUMN(基本資料填寫!AA4),0),"") -> 150 | N4: =IFERROR(VLOOKUP($A$1&"-"&ROW(AB3),基本資料填寫!$A:$DN,COLUMN(基本資料填寫!BY4),0),"") -> 1 | O4: =IFERROR(VLOOKUP($A$1&"-"&ROW(AC3),基本資料填寫!$A:$DN,COLUMN(基本資料填寫!BZ4),0),"") -> 0 | P4: =IFERROR(VLOOKUP($A$1&"-"&ROW(AD3),基本資料填寫!$A:$DN,COLUMN(基本資料填寫!CA4),0),"") -> C | Q4: =IFERROR(VLOOKUP($A$1&"-"&ROW(J3),基本資料填寫!$A:$DN,COLUMN(基本資料填寫!AO4),0),"") -> 00714 | R4: =IFERROR(VLOOKUP($A$1&"-"&ROW(AE3),基本資料填寫!$A:$DN,COLUMN(基本資料填寫!CB4),0),"") -> U | S4: =IFERROR(VLOOKUP($A$1&"-"&ROW(AF3),基本資料填寫!$A:$DN,COLUMN(基本資料填寫!CC4),0),"") -> M | T4: =IFERROR(VLOOKUP($A$1&"-"&ROW(AG3),基本資料填寫!$A:$DN,COLUMN(基本資料填寫!CD4),0),"") -> E | U4: =IFERROR(VLOOKUP($A$1&"-"&ROW(AH3),基本資料填寫!$A:$DN,COLUMN(基本資料填寫!CE4),0),"") -> C | V4: =IFERROR(VLOOKUP($A$1&"-"&ROW(AI3),基本資料填寫!$A:$DN,COLUMN(基本資料填寫!CF4),0),"") -> A | W4: =IFERROR(VLOOKUP($A$1&"-"&ROW(AJ3),基本資料填寫!$A:$DN,COLUMN(基本資料填寫!CG4),0),"") -> 00 | X4: =IFERROR(VLOOKUP($A$1&"-"&ROW(AK3),基本資料填寫!$A:$DN,COLUMN(基本資料填寫!CH4),0),"") -> E | Y4: =IFERROR(VLOOKUP($A$1&"-"&ROW(AL3),基本資料填寫!$A:$DN,COLUMN(基本資料填寫!CI4),0),"") -> 0 | Z4: =IFERROR(VLOOKUP($A$1&"-"&ROW(H3),基本資料填寫!$A:$DN,COLUMN(基本資料填寫!O4),0),"") -> 149.907 | AA4: =IFERROR(VLOOKUP($A$1&"-"&ROW(AM3),基本資料填寫!$A:$DN,COLUMN(基本資料填寫!CJ4),0),"") -> A | AB4: =IFERROR(VLOOKUP($A$1&"-"&ROW(AN3),基本資料填寫!$A:$DN,COLUMN(基本資料填寫!CK4),0),"") -> 1973B | AC4: =IFERROR(VLOOKUP($A$1&"-"&ROW(AP3),基本資料填寫!$A:$DN,COLUMN(基本資料填寫!CN4),0),"") -> 2 | AD4: =IFERROR(VLOOKUP($A$1&"-"&ROW(AQ3),基本資料填寫!$A:$DN,COLUMN(基本資料填寫!CO4),0),"") -> 3 | AE4: =IFERROR(VLOOKUP($A$1&"-"&ROW(AR3),基本資料填寫!$A:$DN,COLUMN(基本資料填寫!CP4),0),"") -> 27NYE0823 | AF4: =IFERROR(VLOOKUP($A$1&"-"&ROW(AS3),基本資料填寫!$A:$DN,COLUMN(基本資料填寫!CQ4),0),"") -> FFG | AG4: =IFERROR(VLOOKUP($A$1&"-"&ROW(AT3),基本資料填寫!$A:$DN,COLUMN(基本資料填寫!CR4),0),"") -> TA-4CI | AH4: =IFERROR(VLOOKUP($A$1&"-"&ROW(AU3),基本資料填寫!$A:$DN,COLUMN(基本資料填寫!CS4),0),"") -> 聲力電話系統 | AI4: =IFERROR(VLOOKUP($A$1&"-"&ROW(P3),基本資料填寫!$A:$DN,COLUMN(基本資料填寫!X4),0),"") -> 1 | AJ4: =IFERROR(VLOOKUP($A$1&"-"&ROW(AV3),基本資料填寫!$A:$DN,COLUMN(基本資料填寫!CT4),0),"") -> 前/後機艙 | AK4: =IFERROR(VLOOKUP($A$1&"-"&ROW(AC3),基本資料填寫!$A:$DN,COLUMN(基本資料填寫!AQ4),0),"") -> 聲力電話系統技術手冊 | AL4: =IFERROR(VLOOKUP($A$1&"-"&ROW(AO3),基本資料填寫!$A:$DN,COLUMN(基本資料填寫!CM4),0),"") -> SCM SISTEMAS,S.L. | AM4: =IFERROR(VLOOKUP($A$1&"-"&ROW(AD3),基本資料填寫!$A:$DN,COLUMN(基本資料填寫!AR4),0),"") -> 堃翊工程有限公司 | AN4: =IFERROR(VLOOKUP($A$1&"-"&ROW(K3),基本資料填寫!$A:$DN,COLUMN(基本資料填寫!AP4),0),"") -> A11600 | AO4: =IFERROR(VLOOKUP($A$1&"-"&ROW(J3),基本資料填寫!$A:$DN,COLUMN(基本資料填寫!AO4),0),"") -> 00714 | AP4: =IFERROR(VLOOKUP($A$1&"-"&ROW(AE3),基本資料填寫!$A:$DN,COLUMN(基本資料填寫!AS4),0),"") -> CLQL | AQ4: =IFERROR(VLOOKUP($A$1&"-"&ROW(AF3),基本資料填寫!$A:$DN,COLUMN(基本資料填寫!AT4),0),"") -> COLLOQUIAL NAME | AR4: =IFERROR(VLOOKUP($A$1&"-"&ROW(AG3),基本資料填寫!$A:$DN,COLUMN(基本資料填寫!AU4),0),"") -> 口語名稱 | AS4: =IFERROR(VLOOKUP($A$1&"-"&ROW(AH3),基本資料填寫!$A:$DN,COLUMN(基本資料填寫!AV4),0),"") -> Exponential Speaker | AT4: =IFERROR(VLOOKUP($A$1&"-"&ROW(AI3),基本資料填寫!$A:$DN,COLUMN(基本資料填寫!AW4),0),"") -> 揚聲防水喇叭 | AU4: =IFERROR(VLOOKUP($A$1&"-"&ROW(AJ3),基本資料填寫!$A:$DN,COLUMN(基本資料填寫!AX4),0),"") -> AKVS | AV4: =IFERROR(VLOOKUP($A$1&"-"&ROW(AK3),基本資料填寫!$A:$DN,COLUMN(基本資料填寫!AY4),0),"") -> TRANSDUCER TYPE | AW4: =IFERROR(VLOOKUP($A$1&"-"&ROW(AL3),基本資料填寫!$A:$DN,COLUMN(基本資料填寫!AZ4),0),"") -> 換能器類型 | ... BO4: =IFERROR(VLOOKUP($A$1&"-"&ROW(BD3),基本資料填寫!$A:$DN,COLUMN(基本資料填寫!BR4),0),"") -> C:\\SynologyDrive\\01 JSSC專案\\12 料號申編\\06 次要裝備\\50 聲力電話\\圖片\\10.喇叭.jpg
B5: =IFERROR(VLOOKUP($A$1&"-"&ROW(A4),基本資料填寫!$A:$DN,COLUMN(基本資料填寫!K5),0),"") | C5: =IFERROR(VLOOKUP($A$1&"-"&ROW(B4),基本資料填寫!$A:$DN,COLUMN(基本資料填寫!L5),0),"") | D5: =IF(E5="","",COUNTA($E$2:E5)) | E5: =IFERROR(VLOOKUP($A$1&"-"&ROW(E4),基本資料填寫!$A:$DN,COLUMN(基本資料填寫!S5),0),"") | G5: =IFERROR(VLOOKUP($A$1&"-"&ROW(G4),基本資料填寫!$A:$DN,COLUMN(基本資料填寫!V5),0),"") | H5: =IFERROR(VLOOKUP($A$1&"-"&ROW(BI4),基本資料填寫!$A:$DN,COLUMN(基本資料填寫!BW5),0),"") | I5: =IFERROR(VLOOKUP($A$1&"-"&ROW(I4),基本資料填寫!$A:$DN,COLUMN(基本資料填寫!AN5),0),"") | J5: =IFERROR(VLOOKUP($A$1&"-"&ROW(K4),基本資料填寫!$A:$DN,COLUMN(基本資料填寫!R5),0),"") | K5: =IFERROR(VLOOKUP($A$1&"-"&ROW(AA4),基本資料填寫!$A:$DN,COLUMN(基本資料填寫!BX5),0),"") | L5: =IFERROR(VLOOKUP($A$1&"-"&ROW(S4),基本資料填寫!$A:$DN,COLUMN(基本資料填寫!Z5),0),"") | M5: =IFERROR(VLOOKUP($A$1&"-"&ROW(T4),基本資料填寫!$A:$DN,COLUMN(基本資料填寫!AA5),0),"") | N5: =IFERROR(VLOOKUP($A$1&"-"&ROW(AB4),基本資料填寫!$A:$DN,COLUMN(基本資料填寫!BY5),0),"") | O5: =IFERROR(VLOOKUP($A$1&"-"&ROW(AC4),基本資料填寫!$A:$DN,COLUMN(基本資料填寫!BZ5),0),"") | P5: =IFERROR(VLOOKUP($A$1&"-"&ROW(AD4),基本資料填寫!$A:$DN,COLUMN(基本資料填寫!CA5),0),"") | Q5: =IFERROR(VLOOKUP($A$1&"-"&ROW(J4),基本資料填寫!$A:$DN,COLUMN(基本資料填寫!AO5),0),"") | R5: =IFERROR(VLOOKUP($A$1&"-"&ROW(AE4),基本資料填寫!$A:$DN,COLUMN(基本資料填寫!CB5),0),"") | S5: =IFERROR(VLOOKUP($A$1&"-"&ROW(AF4),基本資料填寫!$A:$DN,COLUMN(基本資料填寫!CC5),0),"") | T5: =IFERROR(VLOOKUP($A$1&"-"&ROW(AG4),基本資料填寫!$A:$DN,COLUMN(基本資料填寫!CD5),0),"") | U5: =IFERROR(VLOOKUP($A$1&"-"&ROW(AH4),基本資料填寫!$A:$DN,COLUMN(基本資料填寫!CE5),0),"") | V5: =IFERROR(VLOOKUP($A$1&"-"&ROW(AI4),基本資料填寫!$A:$DN,COLUMN(基本資料填寫!CF5),0),"") | W5: =IFERROR(VLOOKUP($A$1&"-"&ROW(AJ4),基本資料填寫!$A:$DN,COLUMN(基本資料填寫!CG5),0),"") | X5: =IFERROR(VLOOKUP($A$1&"-"&ROW(AK4),基本資料填寫!$A:$DN,COLUMN(基本資料填寫!CH5),0),"") | Y5: =IFERROR(VLOOKUP($A$1&"-"&ROW(AL4),基本資料填寫!$A:$DN,COLUMN(基本資料填寫!CI5),0),"") | Z5: =IFERROR(VLOOKUP($A$1&"-"&ROW(H4),基本資料填寫!$A:$DN,COLUMN(基本資料填寫!O5),0),"") | AA5: =IFERROR(VLOOKUP($A$1&"-"&ROW(AM4),基本資料填寫!$A:$DN,COLUMN(基本資料填寫!CJ5),0),"") | AB5: =IFERROR(VLOOKUP($A$1&"-"&ROW(AN4),基本資料填寫!$A:$DN,COLUMN(基本資料填寫!CK5),0),"") | AC5: =IFERROR(VLOOKUP($A$1&"-"&ROW(AP4),基本資料填寫!$A:$DN,COLUMN(基本資料填寫!CN5),0),"") | AD5: =IFERROR(VLOOKUP($A$1&"-"&ROW(AQ4),基本資料填寫!$A:$DN,COLUMN(基本資料填寫!CO5),0),"") | AE5: =IFERROR(VLOOKUP($A$1&"-"&ROW(AR4),基本資料填寫!$A:$DN,COLUMN(基本資料填寫!CP5),0),"") | AF5: =IFERROR(VLOOKUP($A$1&"-"&ROW(AS4),基本資料填寫!$A:$DN,COLUMN(基本資料填寫!CQ5),0),"") | AG5: =IFERROR(VLOOKUP($A$1&"-"&ROW(AT4),基本資料填寫!$A:$DN,COLUMN(基本資料填寫!CR5),0),"") | AH5: =IFERROR(VLOOKUP($A$1&"-"&ROW(AU4),基本資料填寫!$A:$DN,COLUMN(基本資料填寫!CS5),0),"") | AI5: =IFERROR(VLOOKUP($A$1&"-"&ROW(P4),基本資料填寫!$A:$DN,COLUMN(基本資料填寫!X5),0),"") | AJ5: =IFERROR(VLOOKUP($A$1&"-"&ROW(AV4),基本資料填寫!$A:$DN,COLUMN(基本資料填寫!CT5),0),"") | AK5: =IFERROR(VLOOKUP($A$1&"-"&ROW(AC4),基本資料填寫!$A:$DN,COLUMN(基本資料填寫!AQ5),0),"") | AL5: =IFERROR(VLOOKUP($A$1&"-"&ROW(AO4),基本資料填寫!$A:$DN,COLUMN(基本資料填寫!CM5),0),"") | AM5: =IFERROR(VLOOKUP($A$1&"-"&ROW(AD4),基本資料填寫!$A:$DN,COLUMN(基本資料填寫!AR5),0),"") | AN5: =IFERROR(VLOOKUP($A$1&"-"&ROW(K4),基本資料填寫!$A:$DN,COLUMN(基本資料填寫!AP5),0),"") | AO5: =IFERROR(VLOOKUP($A$1&"-"&ROW(J4),基本資料填寫!$A:$DN,COLUMN(基本資料填寫!AO5),0),"") | AP5: =IFERROR(VLOOKUP($A$1&"-"&ROW(AE4),基本資料填寫!$A:$DN,COLUMN(基本資料填寫!AS5),0),"") | AQ5: =IFERROR(VLOOKUP($A$1&"-"&ROW(AF4),基本資料填寫!$A:$DN,COLUMN(基本資料填寫!AT5),0),"") | AR5: =IFERROR(VLOOKUP($A$1&"-"&ROW(AG4),基本資料填寫!$A:$DN,COLUMN(基本資料填寫!AU5),0),"") | AS5: =IFERROR(VLOOKUP($A$1&"-"&ROW(AH4),基本資料填寫!$A:$DN,COLUMN(基本資料填寫!AV5),0),"") | AT5: =IFERROR(VLOOKUP($A$1&"-"&ROW(AI4),基本資料填寫!$A:$DN,COLUMN(基本資料填寫!AW5),0),"") | AU5: =IFERROR(VLOOKUP($A$1&"-"&ROW(AJ4),基本資料填寫!$A:$DN,COLUMN(基本資料填寫!AX5),0),"") | AV5: =IFERROR(VLOOKUP($A$1&"-"&ROW(AK4),基本資料填寫!$A:$DN,COLUMN(基本資料填寫!AY5),0),"") | AW5: =IFERROR(VLOOKUP($A$1&"-"&ROW(AL4),基本資料填寫!$A:$DN,COLUMN(基本資料填寫!AZ5),0),"") | ... BO5: =IFERROR(VLOOKUP($A$1&"-"&ROW(BD4),基本資料填寫!$A:$DN,COLUMN(基本資料填寫!BR5),0),"")
B6: =IFERROR(VLOOKUP($A$1&"-"&ROW(A5),基本資料填寫!$A:$DN,COLUMN(基本資料填寫!K6),0),"") | C6: =IFERROR(VLOOKUP($A$1&"-"&ROW(B5),基本資料填寫!$A:$DN,COLUMN(基本資料填寫!L6),0),"") | D6: =IF(E6="","",COUNTA($E$2:E6)) | E6: =IFERROR(VLOOKUP($A$1&"-"&ROW(E5),基本資料填寫!$A:$DN,COLUMN(基本資料填寫!S6),0),"") | G6: =IFERROR(VLOOKUP($A$1&"-"&ROW(G5),基本資料填寫!$A:$DN,COLUMN(基本資料填寫!V6),0),"") | H6: =IFERROR(VLOOKUP($A$1&"-"&ROW(BI5),基本資料填寫!$A:$DN,COLUMN(基本資料填寫!BW6),0),"") | I6: =IFERROR(VLOOKUP($A$1&"-"&ROW(I5),基本資料填寫!$A:$DN,COLUMN(基本資料填寫!AN6),0),"") | J6: =IFERROR(VLOOKUP($A$1&"-"&ROW(K5),基本資料填寫!$A:$DN,COLUMN(基本資料填寫!R6),0),"") | K6: =IFERROR(VLOOKUP($A$1&"-"&ROW(AA5),基本資料填寫!$A:$DN,COLUMN(基本資料填寫!BX6),0),"") | L6: =IFERROR(VLOOKUP($A$1&"-"&ROW(S5),基本資料填寫!$A:$DN,COLUMN(基本資料填寫!Z6),0),"") | M6: =IFERROR(VLOOKUP($A$1&"-"&ROW(T5),基本資料填寫!$A:$DN,COLUMN(基本資料填寫!AA6),0),"") | N6: =IFERROR(VLOOKUP($A$1&"-"&ROW(AB5),基本資料填寫!$A:$DN,COLUMN(基本資料填寫!BY6),0),"") | O6: =IFERROR(VLOOKUP($A$1&"-"&ROW(AC5),基本資料填寫!$A:$DN,COLUMN(基本資料填寫!BZ6),0),"") | P6: =IFERROR(VLOOKUP($A$1&"-"&ROW(AD5),基本資料填寫!$A:$DN,COLUMN(基本資料填寫!CA6),0),"") | Q6: =IFERROR(VLOOKUP($A$1&"-"&ROW(J5),基本資料填寫!$A:$DN,COLUMN(基本資料填寫!AO6),0),"") | R6: =IFERROR(VLOOKUP($A$1&"-"&ROW(AE5),基本資料填寫!$A:$DN,COLUMN(基本資料填寫!CB6),0),"") | S6: =IFERROR(VLOOKUP($A$1&"-"&ROW(AF5),基本資料填寫!$A:$DN,COLUMN(基本資料填寫!CC6),0),"") | T6: =IFERROR(VLOOKUP($A$1&"-"&ROW(AG5),基本資料填寫!$A:$DN,COLUMN(基本資料填寫!CD6),0),"") | U6: =IFERROR(VLOOKUP($A$1&"-"&ROW(AH5),基本資料填寫!$A:$DN,COLUMN(基本資料填寫!CE6),0),"") | V6: =IFERROR(VLOOKUP($A$1&"-"&ROW(AI5),基本資料填寫!$A:$DN,COLUMN(基本資料填寫!CF6),0),"") | W6: =IFERROR(VLOOKUP($A$1&"-"&ROW(AJ5),基本資料填寫!$A:$DN,COLUMN(基本資料填寫!CG6),0),"") | X6: =IFERROR(VLOOKUP($A$1&"-"&ROW(AK5),基本資料填寫!$A:$DN,COLUMN(基本資料填寫!CH6),0),"") | Y6: =IFERROR(VLOOKUP($A$1&"-"&ROW(AL5),基本資料填寫!$A:$DN,COLUMN(基本資料填寫!CI6),0),"") | Z6: =IFERROR(VLOOKUP($A$1&"-"&ROW(H5),基本資料填寫!$A:$DN,COLUMN(基本資料填寫!O6),0),"") | AA6: =IFERROR(VLOOKUP($A$1&"-"&ROW(AM5),基本資料填寫!$A:$DN,COLUMN(基本資料填寫!CJ6),0),"") | AB6: =IFERROR(VLOOKUP($A$1&"-"&ROW(AN5),基本資料填寫!$A:$DN,COLUMN(基本資料填寫!CK6),0),"") | AC6: =IFERROR(VLOOKUP($A$1&"-"&ROW(AP5),基本資料填寫!$A:$DN,COLUMN(基本資料填寫!CN6),0),"") | AD6: =IFERROR(VLOOKUP($A$1&"-"&ROW(AQ5),基本資料填寫!$A:$DN,COLUMN(基本資料填寫!CO6),0),"") | AE6: =IFERROR(VLOOKUP($A$1&"-"&ROW(AR5),基本資料填寫!$A:$DN,COLUMN(基本資料填寫!CP6),0),"") | AF6: =IFERROR(VLOOKUP($A$1&"-"&ROW(AS5),基本資料填寫!$A:$DN,COLUMN(基本資料填寫!CQ6),0),"") | AG6: =IFERROR(VLOOKUP($A$1&"-"&ROW(AT5),基本資料填寫!$A:$DN,COLUMN(基本資料填寫!CR6),0),"") | AH6: =IFERROR(VLOOKUP($A$1&"-"&ROW(AU5),基本資料填寫!$A:$DN,COLUMN(基本資料填寫!CS6),0),"") | AI6: =IFERROR(VLOOKUP($A$1&"-"&ROW(P5),基本資料填寫!$A:$DN,COLUMN(基本資料填寫!X6),0),"") | AJ6: =IFERROR(VLOOKUP($A$1&"-"&ROW(AV5),基本資料填寫!$A:$DN,COLUMN(基本資料填寫!CT6),0),"") | AK6: =IFERROR(VLOOKUP($A$1&"-"&ROW(AC5),基本資料填寫!$A:$DN,COLUMN(基本資料填寫!AQ6),0),"") | AL6: =IFERROR(VLOOKUP($A$1&"-"&ROW(AO5),基本資料填寫!$A:$DN,COLUMN(基本資料填寫!CM6),0),"") | AM6: =IFERROR(VLOOKUP($A$1&"-"&ROW(AD5),基本資料填寫!$A:$DN,COLUMN(基本資料填寫!AR6),0),"") | AN6: =IFERROR(VLOOKUP($A$1&"-"&ROW(K5),基本資料填寫!$A:$DN,COLUMN(基本資料填寫!AP6),0),"") | AO6: =IFERROR(VLOOKUP($A$1&"-"&ROW(J5),基本資料填寫!$A:$DN,COLUMN(基本資料填寫!AO6),0),"") | AP6: =IFERROR(VLOOKUP($A$1&"-"&ROW(AE5),基本資料填寫!$A:$DN,COLUMN(基本資料填寫!AS6),0),"") | AQ6: =IFERROR(VLOOKUP($A$1&"-"&ROW(AF5),基本資料填寫!$A:$DN,COLUMN(基本資料填寫!AT6),0),"") | AR6: =IFERROR(VLOOKUP($A$1&"-"&ROW(AG5),基本資料填寫!$A:$DN,COLUMN(基本資料填寫!AU6),0),"") | AS6: =IFERROR(VLOOKUP($A$1&"-"&ROW(AH5),基本資料填寫!$A:$DN,COLUMN(基本資料填寫!AV6),0),"") | AT6: =IFERROR(VLOOKUP($A$1&"-"&ROW(AI5),基本資料填寫!$A:$DN,COLUMN(基本資料填寫!AW6),0),"") | AU6: =IFERROR(VLOOKUP($A$1&"-"&ROW(AJ5),基本資料填寫!$A:$DN,COLUMN(基本資料填寫!AX6),0),"") | AV6: =IFERROR(VLOOKUP($A$1&"-"&ROW(AK5),基本資料填寫!$A:$DN,COLUMN(基本資料填寫!AY6),0),"") | AW6: =IFERROR(VLOOKUP($A$1&"-"&ROW(AL5),基本資料填寫!$A:$DN,COLUMN(基本資料填寫!AZ6),0),"") | ... BO6: =IFERROR(VLOOKUP($A$1&"-"&ROW(BD5),基本資料填寫!$A:$DN,COLUMN(基本資料填寫!BR6),0),"")
B7: =IFERROR(VLOOKUP($A$1&"-"&ROW(A6),基本資料填寫!$A:$DN,COLUMN(基本資料填寫!K7),0),"") | C7: =IFERROR(VLOOKUP($A$1&"-"&ROW(B6),基本資料填寫!$A:$DN,COLUMN(基本資料填寫!L7),0),"") | D7: =IF(E7="","",COUNTA($E$2:E7)) | E7: =IFERROR(VLOOKUP($A$1&"-"&ROW(E6),基本資料填寫!$A:$DN,COLUMN(基本資料填寫!S7),0),"") | G7: =IFERROR(VLOOKUP($A$1&"-"&ROW(G6),基本資料填寫!$A:$DN,COLUMN(基本資料填寫!V7),0),"") | H7: =IFERROR(VLOOKUP($A$1&"-"&ROW(BI6),基本資料填寫!$A:$DN,COLUMN(基本資料填寫!BW7),0),"") | I7: =IFERROR(VLOOKUP($A$1&"-"&ROW(I6),基本資料填寫!$A:$DN,COLUMN(基本資料填寫!AN7),0),"") | J7: =IFERROR(VLOOKUP($A$1&"-"&ROW(K6),基本資料填寫!$A:$DN,COLUMN(基本資料填寫!R7),0),"") | K7: =IFERROR(VLOOKUP($A$1&"-"&ROW(AA6),基本資料填寫!$A:$DN,COLUMN(基本資料填寫!BX7),0),"") | L7: =IFERROR(VLOOKUP($A$1&"-"&ROW(S6),基本資料填寫!$A:$DN,COLUMN(基本資料填寫!Z7),0),"") | M7: =IFERROR(VLOOKUP($A$1&"-"&ROW(T6),基本資料填寫!$A:$DN,COLUMN(基本資料填寫!AA7),0),"") | N7: =IFERROR(VLOOKUP($A$1&"-"&ROW(AB6),基本資料填寫!$A:$DN,COLUMN(基本資料填寫!BY7),0),"") | O7: =IFERROR(VLOOKUP($A$1&"-"&ROW(AC6),基本資料填寫!$A:$DN,COLUMN(基本資料填寫!BZ7),0),"") | P7: =IFERROR(VLOOKUP($A$1&"-"&ROW(AD6),基本資料填寫!$A:$DN,COLUMN(基本資料填寫!CA7),0),"") | Q7: =IFERROR(VLOOKUP($A$1&"-"&ROW(J6),基本資料填寫!$A:$DN,COLUMN(基本資料填寫!AO7),0),"") | R7: =IFERROR(VLOOKUP($A$1&"-"&ROW(AE6),基本資料填寫!$A:$DN,COLUMN(基本資料填寫!CB7),0),"") | S7: =IFERROR(VLOOKUP($A$1&"-"&ROW(AF6),基本資料填寫!$A:$DN,COLUMN(基本資料填寫!CC7),0),"") | T7: =IFERROR(VLOOKUP($A$1&"-"&ROW(AG6),基本資料填寫!$A:$DN,COLUMN(基本資料填寫!CD7),0),"") | U7: =IFERROR(VLOOKUP($A$1&"-"&ROW(AH6),基本資料填寫!$A:$DN,COLUMN(基本資料填寫!CE7),0),"") | V7: =IFERROR(VLOOKUP($A$1&"-"&ROW(AI6),基本資料填寫!$A:$DN,COLUMN(基本資料填寫!CF7),0),"") | W7: =IFERROR(VLOOKUP($A$1&"-"&ROW(AJ6),基本資料填寫!$A:$DN,COLUMN(基本資料填寫!CG7),0),"") | X7: =IFERROR(VLOOKUP($A$1&"-"&ROW(AK6),基本資料填寫!$A:$DN,COLUMN(基本資料填寫!CH7),0),"") | Y7: =IFERROR(VLOOKUP($A$1&"-"&ROW(AL6),基本資料填寫!$A:$DN,COLUMN(基本資料填寫!CI7),0),"") | Z7: =IFERROR(VLOOKUP($A$1&"-"&ROW(H6),基本資料填寫!$A:$DN,COLUMN(基本資料填寫!O7),0),"") | AA7: =IFERROR(VLOOKUP($A$1&"-"&ROW(AM6),基本資料填寫!$A:$DN,COLUMN(基本資料填寫!CJ7),0),"") | AB7: =IFERROR(VLOOKUP($A$1&"-"&ROW(AN6),基本資料填寫!$A:$DN,COLUMN(基本資料填寫!CK7),0),"") | AC7: =IFERROR(VLOOKUP($A$1&"-"&ROW(AP6),基本資料填寫!$A:$DN,COLUMN(基本資料填寫!CN7),0),"") | AD7: =IFERROR(VLOOKUP($A$1&"-"&ROW(AQ6),基本資料填寫!$A:$DN,COLUMN(基本資料填寫!CO7),0),"") | AE7: =IFERROR(VLOOKUP($A$1&"-"&ROW(AR6),基本資料填寫!$A:$DN,COLUMN(基本資料填寫!CP7),0),"") | AF7: =IFERROR(VLOOKUP($A$1&"-"&ROW(AS6),基本資料填寫!$A:$DN,COLUMN(基本資料填寫!CQ7),0),"") | AG7: =IFERROR(VLOOKUP($A$1&"-"&ROW(AT6),基本資料填寫!$A:$DN,COLUMN(基本資料填寫!CR7),0),"") | AH7: =IFERROR(VLOOKUP($A$1&"-"&ROW(AU6),基本資料填寫!$A:$DN,COLUMN(基本資料填寫!CS7),0),"") | AI7: =IFERROR(VLOOKUP($A$1&"-"&ROW(P6),基本資料填寫!$A:$DN,COLUMN(基本資料填寫!X7),0),"") | AJ7: =IFERROR(VLOOKUP($A$1&"-"&ROW(AV6),基本資料填寫!$A:$DN,COLUMN(基本資料填寫!CT7),0),"") | AK7: =IFERROR(VLOOKUP($A$1&"-"&ROW(AC6),基本資料填寫!$A:$DN,COLUMN(基本資料填寫!AQ7),0),"") | AL7: =IFERROR(VLOOKUP($A$1&"-"&ROW(AO6),基本資料填寫!$A:$DN,COLUMN(基本資料填寫!CM7),0),"") | AM7: =IFERROR(VLOOKUP($A$1&"-"&ROW(AD6),基本資料填寫!$A:$DN,COLUMN(基本資料填寫!AR7),0),"") | AN7: =IFERROR(VLOOKUP($A$1&"-"&ROW(K6),基本資料填寫!$A:$DN,COLUMN(基本資料填寫!AP7),0),"") | AO7: =IFERROR(VLOOKUP($A$1&"-"&ROW(J6),基本資料填寫!$A:$DN,COLUMN(基本資料填寫!AO7),0),"") | AP7: =IFERROR(VLOOKUP($A$1&"-"&ROW(AE6),基本資料填寫!$A:$DN,COLUMN(基本資料填寫!AS7),0),"") | AQ7: =IFERROR(VLOOKUP($A$1&"-"&ROW(AF6),基本資料填寫!$A:$DN,COLUMN(基本資料填寫!AT7),0),"") | AR7: =IFERROR(VLOOKUP($A$1&"-"&ROW(AG6),基本資料填寫!$A:$DN,COLUMN(基本資料填寫!AU7),0),"") | AS7: =IFERROR(VLOOKUP($A$1&"-"&ROW(AH6),基本資料填寫!$A:$DN,COLUMN(基本資料填寫!AV7),0),"") | AT7: =IFERROR(VLOOKUP($A$1&"-"&ROW(AI6),基本資料填寫!$A:$DN,COLUMN(基本資料填寫!AW7),0),"") | AU7: =IFERROR(VLOOKUP($A$1&"-"&ROW(AJ6),基本資料填寫!$A:$DN,COLUMN(基本資料填寫!AX7),0),"") | AV7: =IFERROR(VLOOKUP($A$1&"-"&ROW(AK6),基本資料填寫!$A:$DN,COLUMN(基本資料填寫!AY7),0),"") | AW7: =IFERROR(VLOOKUP($A$1&"-"&ROW(AL6),基本資料填寫!$A:$DN,COLUMN(基本資料填寫!AZ7),0),"") | ... BO7: =IFERROR(VLOOKUP($A$1&"-"&ROW(BD6),基本資料填寫!$A:$DN,COLUMN(基本資料填寫!BR7),0),"")
B8: =IFERROR(VLOOKUP($A$1&"-"&ROW(A7),基本資料填寫!$A:$DN,COLUMN(基本資料填寫!K8),0),"") | C8: =IFERROR(VLOOKUP($A$1&"-"&ROW(B7),基本資料填寫!$A:$DN,COLUMN(基本資料填寫!L8),0),"") | D8: =IF(E8="","",COUNTA($E$2:E8)) | E8: =IFERROR(VLOOKUP($A$1&"-"&ROW(E7),基本資料填寫!$A:$DN,COLUMN(基本資料填寫!S8),0),"") | G8: =IFERROR(VLOOKUP($A$1&"-"&ROW(G7),基本資料填寫!$A:$DN,COLUMN(基本資料填寫!V8),0),"") | H8: =IFERROR(VLOOKUP($A$1&"-"&ROW(BI7),基本資料填寫!$A:$DN,COLUMN(基本資料填寫!BW8),0),"") | I8: =IFERROR(VLOOKUP($A$1&"-"&ROW(I7),基本資料填寫!$A:$DN,COLUMN(基本資料填寫!AN8),0),"") | J8: =IFERROR(VLOOKUP($A$1&"-"&ROW(K7),基本資料填寫!$A:$DN,COLUMN(基本資料填寫!R8),0),"") | K8: =IFERROR(VLOOKUP($A$1&"-"&ROW(AA7),基本資料填寫!$A:$DN,COLUMN(基本資料填寫!BX8),0),"") | L8: =IFERROR(VLOOKUP($A$1&"-"&ROW(S7),基本資料填寫!$A:$DN,COLUMN(基本資料填寫!Z8),0),"") | M8: =IFERROR(VLOOKUP($A$1&"-"&ROW(T7),基本資料填寫!$A:$DN,COLUMN(基本資料填寫!AA8),0),"") | N8: =IFERROR(VLOOKUP($A$1&"-"&ROW(AB7),基本資料填寫!$A:$DN,COLUMN(基本資料填寫!BY8),0),"") | O8: =IFERROR(VLOOKUP($A$1&"-"&ROW(AC7),基本資料填寫!$A:$DN,COLUMN(基本資料填寫!BZ8),0),"") | P8: =IFERROR(VLOOKUP($A$1&"-"&ROW(AD7),基本資料填寫!$A:$DN,COLUMN(基本資料填寫!CA8),0),"") | Q8: =IFERROR(VLOOKUP($A$1&"-"&ROW(J7),基本資料填寫!$A:$DN,COLUMN(基本資料填寫!AO8),0),"") | R8: =IFERROR(VLOOKUP($A$1&"-"&ROW(AE7),基本資料填寫!$A:$DN,COLUMN(基本資料填寫!CB8),0),"") | S8: =IFERROR(VLOOKUP($A$1&"-"&ROW(AF7),基本資料填寫!$A:$DN,COLUMN(基本資料填寫!CC8),0),"") | T8: =IFERROR(VLOOKUP($A$1&"-"&ROW(AG7),基本資料填寫!$A:$DN,COLUMN(基本資料填寫!CD8),0),"") | U8: =IFERROR(VLOOKUP($A$1&"-"&ROW(AH7),基本資料填寫!$A:$DN,COLUMN(基本資料填寫!CE8),0),"") | V8: =IFERROR(VLOOKUP($A$1&"-"&ROW(AI7),基本資料填寫!$A:$DN,COLUMN(基本資料填寫!CF8),0),"") | W8: =IFERROR(VLOOKUP($A$1&"-"&ROW(AJ7),基本資料填寫!$A:$DN,COLUMN(基本資料填寫!CG8),0),"") | X8: =IFERROR(VLOOKUP($A$1&"-"&ROW(AK7),基本資料填寫!$A:$DN,COLUMN(基本資料填寫!CH8),0),"") | Y8: =IFERROR(VLOOKUP($A$1&"-"&ROW(AL7),基本資料填寫!$A:$DN,COLUMN(基本資料填寫!CI8),0),"") | Z8: =IFERROR(VLOOKUP($A$1&"-"&ROW(H7),基本資料填寫!$A:$DN,COLUMN(基本資料填寫!O8),0),"") | AA8: =IFERROR(VLOOKUP($A$1&"-"&ROW(AM7),基本資料填寫!$A:$DN,COLUMN(基本資料填寫!CJ8),0),"") | AB8: =IFERROR(VLOOKUP($A$1&"-"&ROW(AN7),基本資料填寫!$A:$DN,COLUMN(基本資料填寫!CK8),0),"") | AC8: =IFERROR(VLOOKUP($A$1&"-"&ROW(AP7),基本資料填寫!$A:$DN,COLUMN(基本資料填寫!CN8),0),"") | AD8: =IFERROR(VLOOKUP($A$1&"-"&ROW(AQ7),基本資料填寫!$A:$DN,COLUMN(基本資料填寫!CO8),0),"") | AE8: =IFERROR(VLOOKUP($A$1&"-"&ROW(AR7),基本資料填寫!$A:$DN,COLUMN(基本資料填寫!CP8),0),"") | AF8: =IFERROR(VLOOKUP($A$1&"-"&ROW(AS7),基本資料填寫!$A:$DN,COLUMN(基本資料填寫!CQ8),0),"") | AG8: =IFERROR(VLOOKUP($A$1&"-"&ROW(AT7),基本資料填寫!$A:$DN,COLUMN(基本資料填寫!CR8),0),"") | AH8: =IFERROR(VLOOKUP($A$1&"-"&ROW(AU7),基本資料填寫!$A:$DN,COLUMN(基本資料填寫!CS8),0),"") | AI8: =IFERROR(VLOOKUP($A$1&"-"&ROW(P7),基本資料填寫!$A:$DN,COLUMN(基本資料填寫!X8),0),"") | AJ8: =IFERROR(VLOOKUP($A$1&"-"&ROW(AV7),基本資料填寫!$A:$DN,COLUMN(基本資料填寫!CT8),0),"") | AK8: =IFERROR(VLOOKUP($A$1&"-"&ROW(AC7),基本資料填寫!$A:$DN,COLUMN(基本資料填寫!AQ8),0),"") | AL8: =IFERROR(VLOOKUP($A$1&"-"&ROW(AO7),基本資料填寫!$A:$DN,COLUMN(基本資料填寫!CM8),0),"") | AM8: =IFERROR(VLOOKUP($A$1&"-"&ROW(AD7),基本資料填寫!$A:$DN,COLUMN(基本資料填寫!AR8),0),"") | AN8: =IFERROR(VLOOKUP($A$1&"-"&ROW(K7),基本資料填寫!$A:$DN,COLUMN(基本資料填寫!AP8),0),"") | AO8: =IFERROR(VLOOKUP($A$1&"-"&ROW(J7),基本資料填寫!$A:$DN,COLUMN(基本資料填寫!AO8),0),"") | AP8: =IFERROR(VLOOKUP($A$1&"-"&ROW(AE7),基本資料填寫!$A:$DN,COLUMN(基本資料填寫!AS8),0),"") | AQ8: =IFERROR(VLOOKUP($A$1&"-"&ROW(AF7),基本資料填寫!$A:$DN,COLUMN(基本資料填寫!AT8),0),"") | AR8: =IFERROR(VLOOKUP($A$1&"-"&ROW(AG7),基本資料填寫!$A:$DN,COLUMN(基本資料填寫!AU8),0),"") | AS8: =IFERROR(VLOOKUP($A$1&"-"&ROW(AH7),基本資料填寫!$A:$DN,COLUMN(基本資料填寫!AV8),0),"") | AT8: =IFERROR(VLOOKUP($A$1&"-"&ROW(AI7),基本資料填寫!$A:$DN,COLUMN(基本資料填寫!AW8),0),"") | AU8: =IFERROR(VLOOKUP($A$1&"-"&ROW(AJ7),基本資料填寫!$A:$DN,COLUMN(基本資料填寫!AX8),0),"") | AV8: =IFERROR(VLOOKUP($A$1&"-"&ROW(AK7),基本資料填寫!$A:$DN,COLUMN(基本資料填寫!AY8),0),"") | AW8: =IFERROR(VLOOKUP($A$1&"-"&ROW(AL7),基本資料填寫!$A:$DN,COLUMN(基本資料填寫!AZ8),0),"") | ... BO8: =IFERROR(VLOOKUP($A$1&"-"&ROW(BD7),基本資料填寫!$A:$DN,COLUMN(基本資料填寫!BR8),0),"")
B9: =IFERROR(VLOOKUP($A$1&"-"&ROW(A8),基本資料填寫!$A:$DN,COLUMN(基本資料填寫!K9),0),"") | C9: =IFERROR(VLOOKUP($A$1&"-"&ROW(B8),基本資料填寫!$A:$DN,COLUMN(基本資料填寫!L9),0),"") | D9: =IF(E9="","",COUNTA($E$2:E9)) | E9: =IFERROR(VLOOKUP($A$1&"-"&ROW(E8),基本資料填寫!$A:$DN,COLUMN(基本資料填寫!S9),0),"") | G9: =IFERROR(VLOOKUP($A$1&"-"&ROW(G8),基本資料填寫!$A:$DN,COLUMN(基本資料填寫!V9),0),"") | H9: =IFERROR(VLOOKUP($A$1&"-"&ROW(BI8),基本資料填寫!$A:$DN,COLUMN(基本資料填寫!BW9),0),"") | I9: =IFERROR(VLOOKUP($A$1&"-"&ROW(I8),基本資料填寫!$A:$DN,COLUMN(基本資料填寫!AN9),0),"") | J9: =IFERROR(VLOOKUP($A$1&"-"&ROW(K8),基本資料填寫!$A:$DN,COLUMN(基本資料填寫!R9),0),"") | K9: =IFERROR(VLOOKUP($A$1&"-"&ROW(AA8),基本資料填寫!$A:$DN,COLUMN(基本資料填寫!BX9),0),"") | L9: =IFERROR(VLOOKUP($A$1&"-"&ROW(S8),基本資料填寫!$A:$DN,COLUMN(基本資料填寫!Z9),0),"") | M9: =IFERROR(VLOOKUP($A$1&"-"&ROW(T8),基本資料填寫!$A:$DN,COLUMN(基本資料填寫!AA9),0),"") | N9: =IFERROR(VLOOKUP($A$1&"-"&ROW(AB8),基本資料填寫!$A:$DN,COLUMN(基本資料填寫!BY9),0),"") | O9: =IFERROR(VLOOKUP($A$1&"-"&ROW(AC8),基本資料填寫!$A:$DN,COLUMN(基本資料填寫!BZ9),0),"") | P9: =IFERROR(VLOOKUP($A$1&"-"&ROW(AD8),基本資料填寫!$A:$DN,COLUMN(基本資料填寫!CA9),0),"") | Q9: =IFERROR(VLOOKUP($A$1&"-"&ROW(J8),基本資料填寫!$A:$DN,COLUMN(基本資料填寫!AO9),0),"") | R9: =IFERROR(VLOOKUP($A$1&"-"&ROW(AE8),基本資料填寫!$A:$DN,COLUMN(基本資料填寫!CB9),0),"") | S9: =IFERROR(VLOOKUP($A$1&"-"&ROW(AF8),基本資料填寫!$A:$DN,COLUMN(基本資料填寫!CC9),0),"") | T9: =IFERROR(VLOOKUP($A$1&"-"&ROW(AG8),基本資料填寫!$A:$DN,COLUMN(基本資料填寫!CD9),0),"") | U9: =IFERROR(VLOOKUP($A$1&"-"&ROW(AH8),基本資料填寫!$A:$DN,COLUMN(基本資料填寫!CE9),0),"") | V9: =IFERROR(VLOOKUP($A$1&"-"&ROW(AI8),基本資料填寫!$A:$DN,COLUMN(基本資料填寫!CF9),0),"") | W9: =IFERROR(VLOOKUP($A$1&"-"&ROW(AJ8),基本資料填寫!$A:$DN,COLUMN(基本資料填寫!CG9),0),"") | X9: =IFERROR(VLOOKUP($A$1&"-"&ROW(AK8),基本資料填寫!$A:$DN,COLUMN(基本資料填寫!CH9),0),"") | Y9: =IFERROR(VLOOKUP($A$1&"-"&ROW(AL8),基本資料填寫!$A:$DN,COLUMN(基本資料填寫!CI9),0),"") | Z9: =IFERROR(VLOOKUP($A$1&"-"&ROW(H8),基本資料填寫!$A:$DN,COLUMN(基本資料填寫!O9),0),"") | AA9: =IFERROR(VLOOKUP($A$1&"-"&ROW(AM8),基本資料填寫!$A:$DN,COLUMN(基本資料填寫!CJ9),0),"") | AB9: =IFERROR(VLOOKUP($A$1&"-"&ROW(AN8),基本資料填寫!$A:$DN,COLUMN(基本資料填寫!CK9),0),"") | AC9: =IFERROR(VLOOKUP($A$1&"-"&ROW(AP8),基本資料填寫!$A:$DN,COLUMN(基本資料填寫!CN9),0),"") | AD9: =IFERROR(VLOOKUP($A$1&"-"&ROW(AQ8),基本資料填寫!$A:$DN,COLUMN(基本資料填寫!CO9),0),"") | AE9: =IFERROR(VLOOKUP($A$1&"-"&ROW(AR8),基本資料填寫!$A:$DN,COLUMN(基本資料填寫!CP9),0),"") | AF9: =IFERROR(VLOOKUP($A$1&"-"&ROW(AS8),基本資料填寫!$A:$DN,COLUMN(基本資料填寫!CQ9),0),"") | AG9: =IFERROR(VLOOKUP($A$1&"-"&ROW(AT8),基本資料填寫!$A:$DN,COLUMN(基本資料填寫!CR9),0),"") | AH9: =IFERROR(VLOOKUP($A$1&"-"&ROW(AU8),基本資料填寫!$A:$DN,COLUMN(基本資料填寫!CS9),0),"") | AI9: =IFERROR(VLOOKUP($A$1&"-"&ROW(P8),基本資料填寫!$A:$DN,COLUMN(基本資料填寫!X9),0),"") | AJ9: =IFERROR(VLOOKUP($A$1&"-"&ROW(AV8),基本資料填寫!$A:$DN,COLUMN(基本資料填寫!CT9),0),"") | AK9: =IFERROR(VLOOKUP($A$1&"-"&ROW(AC8),基本資料填寫!$A:$DN,COLUMN(基本資料填寫!AQ9),0),"") | AL9: =IFERROR(VLOOKUP($A$1&"-"&ROW(AO8),基本資料填寫!$A:$DN,COLUMN(基本資料填寫!CM9),0),"") | AM9: =IFERROR(VLOOKUP($A$1&"-"&ROW(AD8),基本資料填寫!$A:$DN,COLUMN(基本資料填寫!AR9),0),"") | AN9: =IFERROR(VLOOKUP($A$1&"-"&ROW(K8),基本資料填寫!$A:$DN,COLUMN(基本資料填寫!AP9),0),"") | AO9: =IFERROR(VLOOKUP($A$1&"-"&ROW(J8),基本資料填寫!$A:$DN,COLUMN(基本資料填寫!AO9),0),"") | AP9: =IFERROR(VLOOKUP($A$1&"-"&ROW(AE8),基本資料填寫!$A:$DN,COLUMN(基本資料填寫!AS9),0),"") | AQ9: =IFERROR(VLOOKUP($A$1&"-"&ROW(AF8),基本資料填寫!$A:$DN,COLUMN(基本資料填寫!AT9),0),"") | AR9: =IFERROR(VLOOKUP($A$1&"-"&ROW(AG8),基本資料填寫!$A:$DN,COLUMN(基本資料填寫!AU9),0),"") | AS9: =IFERROR(VLOOKUP($A$1&"-"&ROW(AH8),基本資料填寫!$A:$DN,COLUMN(基本資料填寫!AV9),0),"") | AT9: =IFERROR(VLOOKUP($A$1&"-"&ROW(AI8),基本資料填寫!$A:$DN,COLUMN(基本資料填寫!AW9),0),"") | AU9: =IFERROR(VLOOKUP($A$1&"-"&ROW(AJ8),基本資料填寫!$A:$DN,COLUMN(基本資料填寫!AX9),0),"") | AV9: =IFERROR(VLOOKUP($A$1&"-"&ROW(AK8),基本資料填寫!$A:$DN,COLUMN(基本資料填寫!AY9),0),"") | AW9: =IFERROR(VLOOKUP($A$1&"-"&ROW(AL8),基本資料填寫!$A:$DN,COLUMN(基本資料填寫!AZ9),0),"") | ... BO9: =IFERROR(VLOOKUP($A$1&"-"&ROW(BD8),基本資料填寫!$A:$DN,COLUMN(基本資料填寫!BR9),0),"")
B10: =IFERROR(VLOOKUP($A$1&"-"&ROW(A9),基本資料填寫!$A:$DN,COLUMN(基本資料填寫!K10),0),"") | C10: =IFERROR(VLOOKUP($A$1&"-"&ROW(B9),基本資料填寫!$A:$DN,COLUMN(基本資料填寫!L10),0),"") | D10: =IF(E10="","",COUNTA($E$2:E10)) | E10: =IFERROR(VLOOKUP($A$1&"-"&ROW(E9),基本資料填寫!$A:$DN,COLUMN(基本資料填寫!S10),0),"") | G10: =IFERROR(VLOOKUP($A$1&"-"&ROW(G9),基本資料填寫!$A:$DN,COLUMN(基本資料填寫!V10),0),"") | H10: =IFERROR(VLOOKUP($A$1&"-"&ROW(BI9),基本資料填寫!$A:$DN,COLUMN(基本資料填寫!BW10),0),"") | I10: =IFERROR(VLOOKUP($A$1&"-"&ROW(I9),基本資料填寫!$A:$DN,COLUMN(基本資料填寫!AN10),0),"") | J10: =IFERROR(VLOOKUP($A$1&"-"&ROW(K9),基本資料填寫!$A:$DN,COLUMN(基本資料填寫!R10),0),"") | K10: =IFERROR(VLOOKUP($A$1&"-"&ROW(AA9),基本資料填寫!$A:$DN,COLUMN(基本資料填寫!BX10),0),"") | L10: =IFERROR(VLOOKUP($A$1&"-"&ROW(S9),基本資料填寫!$A:$DN,COLUMN(基本資料填寫!Z10),0),"") | M10: =IFERROR(VLOOKUP($A$1&"-"&ROW(T9),基本資料填寫!$A:$DN,COLUMN(基本資料填寫!AA10),0),"") | N10: =IFERROR(VLOOKUP($A$1&"-"&ROW(AB9),基本資料填寫!$A:$DN,COLUMN(基本資料填寫!BY10),0),"") | O10: =IFERROR(VLOOKUP($A$1&"-"&ROW(AC9),基本資料填寫!$A:$DN,COLUMN(基本資料填寫!BZ10),0),"") | P10: =IFERROR(VLOOKUP($A$1&"-"&ROW(AD9),基本資料填寫!$A:$DN,COLUMN(基本資料填寫!CA10),0),"") | Q10: =IFERROR(VLOOKUP($A$1&"-"&ROW(J9),基本資料填寫!$A:$DN,COLUMN(基本資料填寫!AO10),0),"") | R10: =IFERROR(VLOOKUP($A$1&"-"&ROW(AE9),基本資料填寫!$A:$DN,COLUMN(基本資料填寫!CB10),0),"") | S10: =IFERROR(VLOOKUP($A$1&"-"&ROW(AF9),基本資料填寫!$A:$DN,COLUMN(基本資料填寫!CC10),0),"") | T10: =IFERROR(VLOOKUP($A$1&"-"&ROW(AG9),基本資料填寫!$A:$DN,COLUMN(基本資料填寫!CD10),0),"") | U10: =IFERROR(VLOOKUP($A$1&"-"&ROW(AH9),基本資料填寫!$A:$DN,COLUMN(基本資料填寫!CE10),0),"") | V10: =IFERROR(VLOOKUP($A$1&"-"&ROW(AI9),基本資料填寫!$A:$DN,COLUMN(基本資料填寫!CF10),0),"") | W10: =IFERROR(VLOOKUP($A$1&"-"&ROW(AJ9),基本資料填寫!$A:$DN,COLUMN(基本資料填寫!CG10),0),"") | X10: =IFERROR(VLOOKUP($A$1&"-"&ROW(AK9),基本資料填寫!$A:$DN,COLUMN(基本資料填寫!CH10),0),"") | Y10: =IFERROR(VLOOKUP($A$1&"-"&ROW(AL9),基本資料填寫!$A:$DN,COLUMN(基本資料填寫!CI10),0),"") | Z10: =IFERROR(VLOOKUP($A$1&"-"&ROW(H9),基本資料填寫!$A:$DN,COLUMN(基本資料填寫!O10),0),"") | AA10: =IFERROR(VLOOKUP($A$1&"-"&ROW(AM9),基本資料填寫!$A:$DN,COLUMN(基本資料填寫!CJ10),0),"") | AB10: =IFERROR(VLOOKUP($A$1&"-"&ROW(AN9),基本資料填寫!$A:$DN,COLUMN(基本資料填寫!CK10),0),"") | AC10: =IFERROR(VLOOKUP($A$1&"-"&ROW(AP9),基本資料填寫!$A:$DN,COLUMN(基本資料填寫!CN10),0),"") | AD10: =IFERROR(VLOOKUP($A$1&"-"&ROW(AQ9),基本資料填寫!$A:$DN,COLUMN(基本資料填寫!CO10),0),"") | AE10: =IFERROR(VLOOKUP($A$1&"-"&ROW(AR9),基本資料填寫!$A:$DN,COLUMN(基本資料填寫!CP10),0),"") | AF10: =IFERROR(VLOOKUP($A$1&"-"&ROW(AS9),基本資料填寫!$A:$DN,COLUMN(基本資料填寫!CQ10),0),"") | AG10: =IFERROR(VLOOKUP($A$1&"-"&ROW(AT9),基本資料填寫!$A:$DN,COLUMN(基本資料填寫!CR10),0),"") | AH10: =IFERROR(VLOOKUP($A$1&"-"&ROW(AU9),基本資料填寫!$A:$DN,COLUMN(基本資料填寫!CS10),0),"") | AI10: =IFERROR(VLOOKUP($A$1&"-"&ROW(P9),基本資料填寫!$A:$DN,COLUMN(基本資料填寫!X10),0),"") | AJ10: =IFERROR(VLOOKUP($A$1&"-"&ROW(AV9),基本資料填寫!$A:$DN,COLUMN(基本資料填寫!CT10),0),"") | AK10: =IFERROR(VLOOKUP($A$1&"-"&ROW(AC9),基本資料填寫!$A:$DN,COLUMN(基本資料填寫!AQ10),0),"") | AL10: =IFERROR(VLOOKUP($A$1&"-"&ROW(AO9),基本資料填寫!$A:$DN,COLUMN(基本資料填寫!CM10),0),"") | AM10: =IFERROR(VLOOKUP($A$1&"-"&ROW(AD9),基本資料填寫!$A:$DN,COLUMN(基本資料填寫!AR10),0),"") | AN10: =IFERROR(VLOOKUP($A$1&"-"&ROW(K9),基本資料填寫!$A:$DN,COLUMN(基本資料填寫!AP10),0),"") | AO10: =IFERROR(VLOOKUP($A$1&"-"&ROW(J9),基本資料填寫!$A:$DN,COLUMN(基本資料填寫!AO10),0),"") | AP10: =IFERROR(VLOOKUP($A$1&"-"&ROW(AE9),基本資料填寫!$A:$DN,COLUMN(基本資料填寫!AS10),0),"") | AQ10: =IFERROR(VLOOKUP($A$1&"-"&ROW(AF9),基本資料填寫!$A:$DN,COLUMN(基本資料填寫!AT10),0),"") | AR10: =IFERROR(VLOOKUP($A$1&"-"&ROW(AG9),基本資料填寫!$A:$DN,COLUMN(基本資料填寫!AU10),0),"") | AS10: =IFERROR(VLOOKUP($A$1&"-"&ROW(AH9),基本資料填寫!$A:$DN,COLUMN(基本資料填寫!AV10),0),"") | AT10: =IFERROR(VLOOKUP($A$1&"-"&ROW(AI9),基本資料填寫!$A:$DN,COLUMN(基本資料填寫!AW10),0),"") | AU10: =IFERROR(VLOOKUP($A$1&"-"&ROW(AJ9),基本資料填寫!$A:$DN,COLUMN(基本資料填寫!AX10),0),"") | AV10: =IFERROR(VLOOKUP($A$1&"-"&ROW(AK9),基本資料填寫!$A:$DN,COLUMN(基本資料填寫!AY10),0),"") | AW10: =IFERROR(VLOOKUP($A$1&"-"&ROW(AL9),基本資料填寫!$A:$DN,COLUMN(基本資料填寫!AZ10),0),"") | ... BO10: =IFERROR(VLOOKUP($A$1&"-"&ROW(BD9),基本資料填寫!$A:$DN,COLUMN(基本資料填寫!BR10),0),"")
B11: =IFERROR(VLOOKUP($A$1&"-"&ROW(A10),基本資料填寫!$A:$DN,COLUMN(基本資料填寫!K11),0),"") | C11: =IFERROR(VLOOKUP($A$1&"-"&ROW(B10),基本資料填寫!$A:$DN,COLUMN(基本資料填寫!L11),0),"") | D11: =IF(E11="","",COUNTA($E$2:E11)) | E11: =IFERROR(VLOOKUP($A$1&"-"&ROW(E10),基本資料填寫!$A:$DN,COLUMN(基本資料填寫!S11),0),"") | G11: =IFERROR(VLOOKUP($A$1&"-"&ROW(G10),基本資料填寫!$A:$DN,COLUMN(基本資料填寫!V11),0),"") | H11: =IFERROR(VLOOKUP($A$1&"-"&ROW(BI10),基本資料填寫!$A:$DN,COLUMN(基本資料填寫!BW11),0),"") | I11: =IFERROR(VLOOKUP($A$1&"-"&ROW(I10),基本資料填寫!$A:$DN,COLUMN(基本資料填寫!AN11),0),"") | J11: =IFERROR(VLOOKUP($A$1&"-"&ROW(K10),基本資料填寫!$A:$DN,COLUMN(基本資料填寫!R11),0),"") | K11: =IFERROR(VLOOKUP($A$1&"-"&ROW(AA10),基本資料填寫!$A:$DN,COLUMN(基本資料填寫!BX11),0),"") | L11: =IFERROR(VLOOKUP($A$1&"-"&ROW(S10),基本資料填寫!$A:$DN,COLUMN(基本資料填寫!Z11),0),"") | M11: =IFERROR(VLOOKUP($A$1&"-"&ROW(T10),基本資料填寫!$A:$DN,COLUMN(基本資料填寫!AA11),0),"") | N11: =IFERROR(VLOOKUP($A$1&"-"&ROW(AB10),基本資料填寫!$A:$DN,COLUMN(基本資料填寫!BY11),0),"") | O11: =IFERROR(VLOOKUP($A$1&"-"&ROW(AC10),基本資料填寫!$A:$DN,COLUMN(基本資料填寫!BZ11),0),"") | P11: =IFERROR(VLOOKUP($A$1&"-"&ROW(AD10),基本資料填寫!$A:$DN,COLUMN(基本資料填寫!CA11),0),"") | Q11: =IFERROR(VLOOKUP($A$1&"-"&ROW(J10),基本資料填寫!$A:$DN,COLUMN(基本資料填寫!AO11),0),"") | R11: =IFERROR(VLOOKUP($A$1&"-"&ROW(AE10),基本資料填寫!$A:$DN,COLUMN(基本資料填寫!CB11),0),"") | S11: =IFERROR(VLOOKUP($A$1&"-"&ROW(AF10),基本資料填寫!$A:$DN,COLUMN(基本資料填寫!CC11),0),"") | T11: =IFERROR(VLOOKUP($A$1&"-"&ROW(AG10),基本資料填寫!$A:$DN,COLUMN(基本資料填寫!CD11),0),"") | U11: =IFERROR(VLOOKUP($A$1&"-"&ROW(AH10),基本資料填寫!$A:$DN,COLUMN(基本資料填寫!CE11),0),"") | V11: =IFERROR(VLOOKUP($A$1&"-"&ROW(AI10),基本資料填寫!$A:$DN,COLUMN(基本資料填寫!CF11),0),"") | W11: =IFERROR(VLOOKUP($A$1&"-"&ROW(AJ10),基本資料填寫!$A:$DN,COLUMN(基本資料填寫!CG11),0),"") | X11: =IFERROR(VLOOKUP($A$1&"-"&ROW(AK10),基本資料填寫!$A:$DN,COLUMN(基本資料填寫!CH11),0),"") | Y11: =IFERROR(VLOOKUP($A$1&"-"&ROW(AL10),基本資料填寫!$A:$DN,COLUMN(基本資料填寫!CI11),0),"") | Z11: =IFERROR(VLOOKUP($A$1&"-"&ROW(H10),基本資料填寫!$A:$DN,COLUMN(基本資料填寫!O11),0),"") | AA11: =IFERROR(VLOOKUP($A$1&"-"&ROW(AM10),基本資料填寫!$A:$DN,COLUMN(基本資料填寫!CJ11),0),"") | AB11: =IFERROR(VLOOKUP($A$1&"-"&ROW(AN10),基本資料填寫!$A:$DN,COLUMN(基本資料填寫!CK11),0),"") | AC11: =IFERROR(VLOOKUP($A$1&"-"&ROW(AP10),基本資料填寫!$A:$DN,COLUMN(基本資料填寫!CN11),0),"") | AD11: =IFERROR(VLOOKUP($A$1&"-"&ROW(AQ10),基本資料填寫!$A:$DN,COLUMN(基本資料填寫!CO11),0),"") | AE11: =IFERROR(VLOOKUP($A$1&"-"&ROW(AR10),基本資料填寫!$A:$DN,COLUMN(基本資料填寫!CP11),0),"") | AF11: =IFERROR(VLOOKUP($A$1&"-"&ROW(AS10),基本資料填寫!$A:$DN,COLUMN(基本資料填寫!CQ11),0),"") | AG11: =IFERROR(VLOOKUP($A$1&"-"&ROW(AT10),基本資料填寫!$A:$DN,COLUMN(基本資料填寫!CR11),0),"") | AH11: =IFERROR(VLOOKUP($A$1&"-"&ROW(AU10),基本資料填寫!$A:$DN,COLUMN(基本資料填寫!CS11),0),"") | AI11: =IFERROR(VLOOKUP($A$1&"-"&ROW(P10),基本資料填寫!$A:$DN,COLUMN(基本資料填寫!X11),0),"") | AJ11: =IFERROR(VLOOKUP($A$1&"-"&ROW(AV10),基本資料填寫!$A:$DN,COLUMN(基本資料填寫!CT11),0),"") | AK11: =IFERROR(VLOOKUP($A$1&"-"&ROW(AC10),基本資料填寫!$A:$DN,COLUMN(基本資料填寫!AQ11),0),"") | AL11: =IFERROR(VLOOKUP($A$1&"-"&ROW(AO10),基本資料填寫!$A:$DN,COLUMN(基本資料填寫!CM11),0),"") | AM11: =IFERROR(VLOOKUP($A$1&"-"&ROW(AD10),基本資料填寫!$A:$DN,COLUMN(基本資料填寫!AR11),0),"") | AN11: =IFERROR(VLOOKUP($A$1&"-"&ROW(K10),基本資料填寫!$A:$DN,COLUMN(基本資料填寫!AP11),0),"") | AO11: =IFERROR(VLOOKUP($A$1&"-"&ROW(J10),基本資料填寫!$A:$DN,COLUMN(基本資料填寫!AO11),0),"") | AP11: =IFERROR(VLOOKUP($A$1&"-"&ROW(AE10),基本資料填寫!$A:$DN,COLUMN(基本資料填寫!AS11),0),"") | AQ11: =IFERROR(VLOOKUP($A$1&"-"&ROW(AF10),基本資料填寫!$A:$DN,COLUMN(基本資料填寫!AT11),0),"") | AR11: =IFERROR(VLOOKUP($A$1&"-"&ROW(AG10),基本資料填寫!$A:$DN,COLUMN(基本資料填寫!AU11),0),"") | AS11: =IFERROR(VLOOKUP($A$1&"-"&ROW(AH10),基本資料填寫!$A:$DN,COLUMN(基本資料填寫!AV11),0),"") | AT11: =IFERROR(VLOOKUP($A$1&"-"&ROW(AI10),基本資料填寫!$A:$DN,COLUMN(基本資料填寫!AW11),0),"") | AU11: =IFERROR(VLOOKUP($A$1&"-"&ROW(AJ10),基本資料填寫!$A:$DN,COLUMN(基本資料填寫!AX11),0),"") | AV11: =IFERROR(VLOOKUP($A$1&"-"&ROW(AK10),基本資料填寫!$A:$DN,COLUMN(基本資料填寫!AY11),0),"") | AW11: =IFERROR(VLOOKUP($A$1&"-"&ROW(AL10),基本資料填寫!$A:$DN,COLUMN(基本資料填寫!AZ11),0),"") | ... BO11: =IFERROR(VLOOKUP($A$1&"-"&ROW(BD10),基本資料填寫!$A:$DN,COLUMN(基本資料填寫!BR11),0),"")
B12: =IFERROR(VLOOKUP($A$1&"-"&ROW(A11),基本資料填寫!$A:$DN,COLUMN(基本資料填寫!K12),0),"") | C12: =IFERROR(VLOOKUP($A$1&"-"&ROW(B11),基本資料填寫!$A:$DN,COLUMN(基本資料填寫!L12),0),"") | D12: =IF(E12="","",COUNTA($E$2:E12)) | E12: =IFERROR(VLOOKUP($A$1&"-"&ROW(E11),基本資料填寫!$A:$DN,COLUMN(基本資料填寫!S12),0),"") | G12: =IFERROR(VLOOKUP($A$1&"-"&ROW(G11),基本資料填寫!$A:$DN,COLUMN(基本資料填寫!V12),0),"") | H12: =IFERROR(VLOOKUP($A$1&"-"&ROW(BI11),基本資料填寫!$A:$DN,COLUMN(基本資料填寫!BW12),0),"") | I12: =IFERROR(VLOOKUP($A$1&"-"&ROW(I11),基本資料填寫!$A:$DN,COLUMN(基本資料填寫!AN12),0),"") | J12: =IFERROR(VLOOKUP($A$1&"-"&ROW(K11),基本資料填寫!$A:$DN,COLUMN(基本資料填寫!R12),0),"") | K12: =IFERROR(VLOOKUP($A$1&"-"&ROW(AA11),基本資料填寫!$A:$DN,COLUMN(基本資料填寫!BX12),0),"") | L12: =IFERROR(VLOOKUP($A$1&"-"&ROW(S11),基本資料填寫!$A:$DN,COLUMN(基本資料填寫!Z12),0),"") | M12: =IFERROR(VLOOKUP($A$1&"-"&ROW(T11),基本資料填寫!$A:$DN,COLUMN(基本資料填寫!AA12),0),"") | N12: =IFERROR(VLOOKUP($A$1&"-"&ROW(AB11),基本資料填寫!$A:$DN,COLUMN(基本資料填寫!BY12),0),"") | O12: =IFERROR(VLOOKUP($A$1&"-"&ROW(AC11),基本資料填寫!$A:$DN,COLUMN(基本資料填寫!BZ12),0),"") | P12: =IFERROR(VLOOKUP($A$1&"-"&ROW(AD11),基本資料填寫!$A:$DN,COLUMN(基本資料填寫!CA12),0),"") | Q12: =IFERROR(VLOOKUP($A$1&"-"&ROW(J11),基本資料填寫!$A:$DN,COLUMN(基本資料填寫!AO12),0),"") | R12: =IFERROR(VLOOKUP($A$1&"-"&ROW(AE11),基本資料填寫!$A:$DN,COLUMN(基本資料填寫!CB12),0),"") | S12: =IFERROR(VLOOKUP($A$1&"-"&ROW(AF11),基本資料填寫!$A:$DN,COLUMN(基本資料填寫!CC12),0),"") | T12: =IFERROR(VLOOKUP($A$1&"-"&ROW(AG11),基本資料填寫!$A:$DN,COLUMN(基本資料填寫!CD12),0),"") | U12: =IFERROR(VLOOKUP($A$1&"-"&ROW(AH11),基本資料填寫!$A:$DN,COLUMN(基本資料填寫!CE12),0),"") | V12: =IFERROR(VLOOKUP($A$1&"-"&ROW(AI11),基本資料填寫!$A:$DN,COLUMN(基本資料填寫!CF12),0),"") | W12: =IFERROR(VLOOKUP($A$1&"-"&ROW(AJ11),基本資料填寫!$A:$DN,COLUMN(基本資料填寫!CG12),0),"") | X12: =IFERROR(VLOOKUP($A$1&"-"&ROW(AK11),基本資料填寫!$A:$DN,COLUMN(基本資料填寫!CH12),0),"") | Y12: =IFERROR(VLOOKUP($A$1&"-"&ROW(AL11),基本資料填寫!$A:$DN,COLUMN(基本資料填寫!CI12),0),"") | Z12: =IFERROR(VLOOKUP($A$1&"-"&ROW(H11),基本資料填寫!$A:$DN,COLUMN(基本資料填寫!O12),0),"") | AA12: =IFERROR(VLOOKUP($A$1&"-"&ROW(AM11),基本資料填寫!$A:$DN,COLUMN(基本資料填寫!CJ12),0),"") | AB12: =IFERROR(VLOOKUP($A$1&"-"&ROW(AN11),基本資料填寫!$A:$DN,COLUMN(基本資料填寫!CK12),0),"") | AC12: =IFERROR(VLOOKUP($A$1&"-"&ROW(AP11),基本資料填寫!$A:$DN,COLUMN(基本資料填寫!CN12),0),"") | AD12: =IFERROR(VLOOKUP($A$1&"-"&ROW(AQ11),基本資料填寫!$A:$DN,COLUMN(基本資料填寫!CO12),0),"") | AE12: =IFERROR(VLOOKUP($A$1&"-"&ROW(AR11),基本資料填寫!$A:$DN,COLUMN(基本資料填寫!CP12),0),"") | AF12: =IFERROR(VLOOKUP($A$1&"-"&ROW(AS11),基本資料填寫!$A:$DN,COLUMN(基本資料填寫!CQ12),0),"") | AG12: =IFERROR(VLOOKUP($A$1&"-"&ROW(AT11),基本資料填寫!$A:$DN,COLUMN(基本資料填寫!CR12),0),"") | AH12: =IFERROR(VLOOKUP($A$1&"-"&ROW(AU11),基本資料填寫!$A:$DN,COLUMN(基本資料填寫!CS12),0),"") | AI12: =IFERROR(VLOOKUP($A$1&"-"&ROW(P11),基本資料填寫!$A:$DN,COLUMN(基本資料填寫!X12),0),"") | AJ12: =IFERROR(VLOOKUP($A$1&"-"&ROW(AV11),基本資料填寫!$A:$DN,COLUMN(基本資料填寫!CT12),0),"") | AK12: =IFERROR(VLOOKUP($A$1&"-"&ROW(AC11),基本資料填寫!$A:$DN,COLUMN(基本資料填寫!AQ12),0),"") | AL12: =IFERROR(VLOOKUP($A$1&"-"&ROW(AO11),基本資料填寫!$A:$DN,COLUMN(基本資料填寫!CM12),0),"") | AM12: =IFERROR(VLOOKUP($A$1&"-"&ROW(AD11),基本資料填寫!$A:$DN,COLUMN(基本資料填寫!AR12),0),"") | AN12: =IFERROR(VLOOKUP($A$1&"-"&ROW(K11),基本資料填寫!$A:$DN,COLUMN(基本資料填寫!AP12),0),"") | AO12: =IFERROR(VLOOKUP($A$1&"-"&ROW(J11),基本資料填寫!$A:$DN,COLUMN(基本資料填寫!AO12),0),"") | AP12: =IFERROR(VLOOKUP($A$1&"-"&ROW(AE11),基本資料填寫!$A:$DN,COLUMN(基本資料填寫!AS12),0),"") | AQ12: =IFERROR(VLOOKUP($A$1&"-"&ROW(AF11),基本資料填寫!$A:$DN,COLUMN(基本資料填寫!AT12),0),"") | AR12: =IFERROR(VLOOKUP($A$1&"-"&ROW(AG11),基本資料填寫!$A:$DN,COLUMN(基本資料填寫!AU12),0),"") | AS12: =IFERROR(VLOOKUP($A$1&"-"&ROW(AH11),基本資料填寫!$A:$DN,COLUMN(基本資料填寫!AV12),0),"") | AT12: =IFERROR(VLOOKUP($A$1&"-"&ROW(AI11),基本資料填寫!$A:$DN,COLUMN(基本資料填寫!AW12),0),"") | AU12: =IFERROR(VLOOKUP($A$1&"-"&ROW(AJ11),基本資料填寫!$A:$DN,COLUMN(基本資料填寫!AX12),0),"") | AV12: =IFERROR(VLOOKUP($A$1&"-"&ROW(AK11),基本資料填寫!$A:$DN,COLUMN(基本資料填寫!AY12),0),"") | AW12: =IFERROR(VLOOKUP($A$1&"-"&ROW(AL11),基本資料填寫!$A:$DN,COLUMN(基本資料填寫!AZ12),0),"") | ... BO12: =IFERROR(VLOOKUP($A$1&"-"&ROW(BD11),基本資料填寫!$A:$DN,COLUMN(基本資料填寫!BR12),0),"")
B13: =IFERROR(VLOOKUP($A$1&"-"&ROW(A12),基本資料填寫!$A:$DN,COLUMN(基本資料填寫!K13),0),"") | C13: =IFERROR(VLOOKUP($A$1&"-"&ROW(B12),基本資料填寫!$A:$DN,COLUMN(基本資料填寫!L13),0),"") | D13: =IF(E13="","",COUNTA($E$2:E13)) | E13: =IFERROR(VLOOKUP($A$1&"-"&ROW(E12),基本資料填寫!$A:$DN,COLUMN(基本資料填寫!S13),0),"") | G13: =IFERROR(VLOOKUP($A$1&"-"&ROW(G12),基本資料填寫!$A:$DN,COLUMN(基本資料填寫!V13),0),"") | H13: =IFERROR(VLOOKUP($A$1&"-"&ROW(BI12),基本資料填寫!$A:$DN,COLUMN(基本資料填寫!BW13),0),"") | I13: =IFERROR(VLOOKUP($A$1&"-"&ROW(I12),基本資料填寫!$A:$DN,COLUMN(基本資料填寫!AN13),0),"") | J13: =IFERROR(VLOOKUP($A$1&"-"&ROW(K12),基本資料填寫!$A:$DN,COLUMN(基本資料填寫!R13),0),"") | K13: =IFERROR(VLOOKUP($A$1&"-"&ROW(AA12),基本資料填寫!$A:$DN,COLUMN(基本資料填寫!BX13),0),"") | L13: =IFERROR(VLOOKUP($A$1&"-"&ROW(S12),基本資料填寫!$A:$DN,COLUMN(基本資料填寫!Z13),0),"") | M13: =IFERROR(VLOOKUP($A$1&"-"&ROW(T12),基本資料填寫!$A:$DN,COLUMN(基本資料填寫!AA13),0),"") | N13: =IFERROR(VLOOKUP($A$1&"-"&ROW(AB12),基本資料填寫!$A:$DN,COLUMN(基本資料填寫!BY13),0),"") | O13: =IFERROR(VLOOKUP($A$1&"-"&ROW(AC12),基本資料填寫!$A:$DN,COLUMN(基本資料填寫!BZ13),0),"") | P13: =IFERROR(VLOOKUP($A$1&"-"&ROW(AD12),基本資料填寫!$A:$DN,COLUMN(基本資料填寫!CA13),0),"") | Q13: =IFERROR(VLOOKUP($A$1&"-"&ROW(J12),基本資料填寫!$A:$DN,COLUMN(基本資料填寫!AO13),0),"") | R13: =IFERROR(VLOOKUP($A$1&"-"&ROW(AE12),基本資料填寫!$A:$DN,COLUMN(基本資料填寫!CB13),0),"") | S13: =IFERROR(VLOOKUP($A$1&"-"&ROW(AF12),基本資料填寫!$A:$DN,COLUMN(基本資料填寫!CC13),0),"") | T13: =IFERROR(VLOOKUP($A$1&"-"&ROW(AG12),基本資料填寫!$A:$DN,COLUMN(基本資料填寫!CD13),0),"") | U13: =IFERROR(VLOOKUP($A$1&"-"&ROW(AH12),基本資料填寫!$A:$DN,COLUMN(基本資料填寫!CE13),0),"") | V13: =IFERROR(VLOOKUP($A$1&"-"&ROW(AI12),基本資料填寫!$A:$DN,COLUMN(基本資料填寫!CF13),0),"") | W13: =IFERROR(VLOOKUP($A$1&"-"&ROW(AJ12),基本資料填寫!$A:$DN,COLUMN(基本資料填寫!CG13),0),"") | X13: =IFERROR(VLOOKUP($A$1&"-"&ROW(AK12),基本資料填寫!$A:$DN,COLUMN(基本資料填寫!CH13),0),"") | Y13: =IFERROR(VLOOKUP($A$1&"-"&ROW(AL12),基本資料填寫!$A:$DN,COLUMN(基本資料填寫!CI13),0),"") | Z13: =IFERROR(VLOOKUP($A$1&"-"&ROW(H12),基本資料填寫!$A:$DN,COLUMN(基本資料填寫!O13),0),"") | AA13: =IFERROR(VLOOKUP($A$1&"-"&ROW(AM12),基本資料填寫!$A:$DN,COLUMN(基本資料填寫!CJ13),0),"") | AB13: =IFERROR(VLOOKUP($A$1&"-"&ROW(AN12),基本資料填寫!$A:$DN,COLUMN(基本資料填寫!CK13),0),"") | AC13: =IFERROR(VLOOKUP($A$1&"-"&ROW(AP12),基本資料填寫!$A:$DN,COLUMN(基本資料填寫!CN13),0),"") | AD13: =IFERROR(VLOOKUP($A$1&"-"&ROW(AQ12),基本資料填寫!$A:$DN,COLUMN(基本資料填寫!CO13),0),"") | AE13: =IFERROR(VLOOKUP($A$1&"-"&ROW(AR12),基本資料填寫!$A:$DN,COLUMN(基本資料填寫!CP13),0),"") | AF13: =IFERROR(VLOOKUP($A$1&"-"&ROW(AS12),基本資料填寫!$A:$DN,COLUMN(基本資料填寫!CQ13),0),"") | AG13: =IFERROR(VLOOKUP($A$1&"-"&ROW(AT12),基本資料填寫!$A:$DN,COLUMN(基本資料填寫!CR13),0),"") | AH13: =IFERROR(VLOOKUP($A$1&"-"&ROW(AU12),基本資料填寫!$A:$DN,COLUMN(基本資料填寫!CS13),0),"") | AI13: =IFERROR(VLOOKUP($A$1&"-"&ROW(P12),基本資料填寫!$A:$DN,COLUMN(基本資料填寫!X13),0),"") | AJ13: =IFERROR(VLOOKUP($A$1&"-"&ROW(AV12),基本資料填寫!$A:$DN,COLUMN(基本資料填寫!CT13),0),"") | AK13: =IFERROR(VLOOKUP($A$1&"-"&ROW(AC12),基本資料填寫!$A:$DN,COLUMN(基本資料填寫!AQ13),0),"") | AL13: =IFERROR(VLOOKUP($A$1&"-"&ROW(AO12),基本資料填寫!$A:$DN,COLUMN(基本資料填寫!CM13),0),"") | AM13: =IFERROR(VLOOKUP($A$1&"-"&ROW(AD12),基本資料填寫!$A:$DN,COLUMN(基本資料填寫!AR13),0),"") | AN13: =IFERROR(VLOOKUP($A$1&"-"&ROW(K12),基本資料填寫!$A:$DN,COLUMN(基本資料填寫!AP13),0),"") | AO13: =IFERROR(VLOOKUP($A$1&"-"&ROW(J12),基本資料填寫!$A:$DN,COLUMN(基本資料填寫!AO13),0),"") | AP13: =IFERROR(VLOOKUP($A$1&"-"&ROW(AE12),基本資料填寫!$A:$DN,COLUMN(基本資料填寫!AS13),0),"") | AQ13: =IFERROR(VLOOKUP($A$1&"-"&ROW(AF12),基本資料填寫!$A:$DN,COLUMN(基本資料填寫!AT13),0),"") | AR13: =IFERROR(VLOOKUP($A$1&"-"&ROW(AG12),基本資料填寫!$A:$DN,COLUMN(基本資料填寫!AU13),0),"") | AS13: =IFERROR(VLOOKUP($A$1&"-"&ROW(AH12),基本資料填寫!$A:$DN,COLUMN(基本資料填寫!AV13),0),"") | AT13: =IFERROR(VLOOKUP($A$1&"-"&ROW(AI12),基本資料填寫!$A:$DN,COLUMN(基本資料填寫!AW13),0),"") | AU13: =IFERROR(VLOOKUP($A$1&"-"&ROW(AJ12),基本資料填寫!$A:$DN,COLUMN(基本資料填寫!AX13),0),"") | AV13: =IFERROR(VLOOKUP($A$1&"-"&ROW(AK12),基本資料填寫!$A:$DN,COLUMN(基本資料填寫!AY13),0),"") | AW13: =IFERROR(VLOOKUP($A$1&"-"&ROW(AL12),基本資料填寫!$A:$DN,COLUMN(基本資料填寫!AZ13),0),"") | ... BO13: =IFERROR(VLOOKUP($A$1&"-"&ROW(BD12),基本資料填寫!$A:$DN,COLUMN(基本資料填寫!BR13),0),"")
... B100: =IFERROR(VLOOKUP($A$1&"-"&ROW(A99),基本資料填寫!$A:$DN,COLUMN(基本資料填寫!K100),0),"") | C100: =IFERROR(VLOOKUP($A$1&"-"&ROW(B99),基本資料填寫!$A:$DN,COLUMN(基本資料填寫!L100),0),"") | D100: =IF(E100="","",COUNTA($E$2:E100)) | E100: =IFERROR(VLOOKUP($A$1&"-"&ROW(E99),基本資料填寫!$A:$DN,COLUMN(基本資料填寫!S100),0),"") | G100: =IFERROR(VLOOKUP($A$1&"-"&ROW(G99),基本資料填寫!$A:$DN,COLUMN(基本資料填寫!V100),0),"") | H100: =IFERROR(VLOOKUP($A$1&"-"&ROW(BI99),基本資料填寫!$A:$DN,COLUMN(基本資料填寫!BW100),0),"") | I100: =IFERROR(VLOOKUP($A$1&"-"&ROW(I99),基本資料填寫!$A:$DN,COLUMN(基本資料填寫!AN100),0),"") | J100: =IFERROR(VLOOKUP($A$1&"-"&ROW(K99),基本資料填寫!$A:$DN,COLUMN(基本資料填寫!R100),0),"") | K100: =IFERROR(VLOOKUP($A$1&"-"&ROW(AA99),基本資料填寫!$A:$DN,COLUMN(基本資料填寫!BX100),0),"") | L100: =IFERROR(VLOOKUP($A$1&"-"&ROW(S99),基本資料填寫!$A:$DN,COLUMN(基本資料填寫!Z100),0),"") | M100: =IFERROR(VLOOKUP($A$1&"-"&ROW(T99),基本資料填寫!$A:$DN,COLUMN(基本資料填寫!AA100),0),"") | N100: =IFERROR(VLOOKUP($A$1&"-"&ROW(AB99),基本資料填寫!$A:$DN,COLUMN(基本資料填寫!BY100),0),"") | O100: =IFERROR(VLOOKUP($A$1&"-"&ROW(AC99),基本資料填寫!$A:$DN,COLUMN(基本資料填寫!BZ100),0),"") | P100: =IFERROR(VLOOKUP($A$1&"-"&ROW(AD99),基本資料填寫!$A:$DN,COLUMN(基本資料填寫!CA100),0),"") | Q100: =IFERROR(VLOOKUP($A$1&"-"&ROW(J99),基本資料填寫!$A:$DN,COLUMN(基本資料填寫!AO100),0),"") | R100: =IFERROR(VLOOKUP($A$1&"-"&ROW(AE99),基本資料填寫!$A:$DN,COLUMN(基本資料填寫!CB100),0),"") | S100: =IFERROR(VLOOKUP($A$1&"-"&ROW(AF99),基本資料填寫!$A:$DN,COLUMN(基本資料填寫!CC100),0),"") | T100: =IFERROR(VLOOKUP($A$1&"-"&ROW(AG99),基本資料填寫!$A:$DN,COLUMN(基本資料填寫!CD100),0),"") | U100: =IFERROR(VLOOKUP($A$1&"-"&ROW(AH99),基本資料填寫!$A:$DN,COLUMN(基本資料填寫!CE100),0),"") | V100: =IFERROR(VLOOKUP($A$1&"-"&ROW(AI99),基本資料填寫!$A:$DN,COLUMN(基本資料填寫!CF100),0),"") | W100: =IFERROR(VLOOKUP($A$1&"-"&ROW(AJ99),基本資料填寫!$A:$DN,COLUMN(基本資料填寫!CG100),0),"") | X100: =IFERROR(VLOOKUP($A$1&"-"&ROW(AK99),基本資料填寫!$A:$DN,COLUMN(基本資料填寫!CH100),0),"") | Y100: =IFERROR(VLOOKUP($A$1&"-"&ROW(AL99),基本資料填寫!$A:$DN,COLUMN(基本資料填寫!CI100),0),"") | Z100: =IFERROR(VLOOKUP($A$1&"-"&ROW(H99),基本資料填寫!$A:$DN,COLUMN(基本資料填寫!O100),0),"") | AA100: =IFERROR(VLOOKUP($A$1&"-"&ROW(AM99),基本資料填寫!$A:$DN,COLUMN(基本資料填寫!CJ100),0),"") | AB100: =IFERROR(VLOOKUP($A$1&"-"&ROW(AN99),基本資料填寫!$A:$DN,COLUMN(基本資料填寫!CK100),0),"") | AC100: =IFERROR(VLOOKUP($A$1&"-"&ROW(AP99),基本資料填寫!$A:$DN,COLUMN(基本資料填寫!CN100),0),"") | AD100: =IFERROR(VLOOKUP($A$1&"-"&ROW(AQ99),基本資料填寫!$A:$DN,COLUMN(基本資料填寫!CO100),0),"") | AE100: =IFERROR(VLOOKUP($A$1&"-"&ROW(AR99),基本資料填寫!$A:$DN,COLUMN(基本資料填寫!CP100),0),"") | AF100: =IFERROR(VLOOKUP($A$1&"-"&ROW(AS99),基本資料填寫!$A:$DN,COLUMN(基本資料填寫!CQ100),0),"") | AG100: =IFERROR(VLOOKUP($A$1&"-"&ROW(AT99),基本資料填寫!$A:$DN,COLUMN(基本資料填寫!CR100),0),"") | AH100: =IFERROR(VLOOKUP($A$1&"-"&ROW(AU99),基本資料填寫!$A:$DN,COLUMN(基本資料填寫!CS100),0),"") | AI100: =IFERROR(VLOOKUP($A$1&"-"&ROW(P99),基本資料填寫!$A:$DN,COLUMN(基本資料填寫!X100),0),"") | AJ100: =IFERROR(VLOOKUP($A$1&"-"&ROW(AV99),基本資料填寫!$A:$DN,COLUMN(基本資料填寫!CT100),0),"") | AK100: =IFERROR(VLOOKUP($A$1&"-"&ROW(AC99),基本資料填寫!$A:$DN,COLUMN(基本資料填寫!AQ100),0),"") | AL100: =IFERROR(VLOOKUP($A$1&"-"&ROW(AO99),基本資料填寫!$A:$DN,COLUMN(基本資料填寫!CM100),0),"") | AM100: =IFERROR(VLOOKUP($A$1&"-"&ROW(AD99),基本資料填寫!$A:$DN,COLUMN(基本資料填寫!AR100),0),"") | AN100: =IFERROR(VLOOKUP($A$1&"-"&ROW(K99),基本資料填寫!$A:$DN,COLUMN(基本資料填寫!AP100),0),"") | AO100: =IFERROR(VLOOKUP($A$1&"-"&ROW(J99),基本資料填寫!$A:$DN,COLUMN(基本資料填寫!AO100),0),"") | AP100: =IFERROR(VLOOKUP($A$1&"-"&ROW(AE99),基本資料填寫!$A:$DN,COLUMN(基本資料填寫!AS100),0),"") | AQ100: =IFERROR(VLOOKUP($A$1&"-"&ROW(AF99),基本資料填寫!$A:$DN,COLUMN(基本資料填寫!AT100),0),"") | AR100: =IFERROR(VLOOKUP($A$1&"-"&ROW(AG99),基本資料填寫!$A:$DN,COLUMN(基本資料填寫!AU100),0),"") | AS100: =IFERROR(VLOOKUP($A$1&"-"&ROW(AH99),基本資料填寫!$A:$DN,COLUMN(基本資料填寫!AV100),0),"") | AT100: =IFERROR(VLOOKUP($A$1&"-"&ROW(AI99),基本資料填寫!$A:$DN,COLUMN(基本資料填寫!AW100),0),"") | AU100: =IFERROR(VLOOKUP($A$1&"-"&ROW(AJ99),基本資料填寫!$A:$DN,COLUMN(基本資料填寫!AX100),0),"") | AV100: =IFERROR(VLOOKUP($A$1&"-"&ROW(AK99),基本資料填寫!$A:$DN,COLUMN(基本資料填寫!AY100),0),"") | AW100: =IFERROR(VLOOKUP($A$1&"-"&ROW(AL99),基本資料填寫!$A:$DN,COLUMN(基本資料填寫!AZ100),0),"") | ... BO100: =IFERROR(VLOOKUP($A$1&"-"&ROW(BD99),基本資料填寫!$A:$DN,COLUMN(基本資料填寫!BR100),0),"")

Sheet 申編單提送狀態
B2: _______ 料件狀態
B3: 繳交成功 | C3: =COUNTIF(基本資料填寫!K:K,B3) -> 11 | D3: =SUM(C3:C5) -> 14
B4: 送審中 | C4: =COUNTIF(基本資料填寫!K:K,B4) -> 0
B5: 待送出 | C5: =COUNTIF(基本資料填寫!K:K,B5) -> 3
B6: 有NSN | C6: =COUNTIF(基本資料填寫!K:K,B6) -> 0 | D6: =C6 -> 0
B7: 作廢 | C7: =COUNTIF(基本資料填寫!K:K,B7) -> 0 | D7: =C7 -> 0
B8: 總計 | D8: =SUM(D3:D7) -> 14

Sheet BOM -確定版
A1: 風向風速儀材料表(BOM)
A2: 項次 | B2: ITEM NO PLSIN | C2: 配件號碼 (P/N) | D2: 英文名稱 | E2: 中文名稱 | F2: 料號 (NSN/NATO) | G2: 數量 | H2: 單位 | I2: 美金 單價 (USD) | J2: 交貨時間 | K2: 每百萬小時預估故障次數 | L2: 平均故障間隔(MTBF) (小時) | M2: 平均修護時間(MTTR) (小時) | N2: 是否為 可修件 (Y/N)
A3: =IF(E3="","",COUNTA($E$3:E3)) -> 1 | B3: =IFERROR(VLOOKUP(基本資料填寫!$E$1&"-"&ROW(F1),基本資料填寫!$E:$EU,COLUMN(基本資料填寫!F1),0),"") -> 0000 | C3: =IFERROR(VLOOKUP(基本資料填寫!$E$1&"-"&ROW(K1),基本資料填寫!$E:$EU,COLUMN(基本資料填寫!K1),0),"") -> TA-4CI | D3: =IFERROR(VLOOKUP(基本資料填寫!$E$1&"-"&ROW(H1),基本資料填寫!$E:$EU,COLUMN(基本資料填寫!L1),0),"") -> Acoustic Telephone System | E3: =IFERROR(VLOOKUP(基本資料填寫!$E$1&"-"&ROW(I1),基本資料填寫!$E:$EU,COLUMN(基本資料填寫!M1),0),"") -> 聲力電話系統 | F3: =IFERROR(VLOOKUP(基本資料填寫!$E$1&"-"&ROW(O1),基本資料填寫!$E:$EU,COLUMN(基本資料填寫!S1),0),"") -> 5805YETL22090 | G3: =IFERROR(VLOOKUP(基本資料填寫!$E$1&"-"&ROW(P1),基本資料填寫!$E:$EU,COLUMN(基本資料填寫!T1),0),"") -> 1 | H3: =IFERROR(VLOOKUP(基本資料填寫!$E$1&"-"&ROW(R1),基本資料填寫!$E:$EU,COLUMN(基本資料填寫!V1),0),"") -> EA | I3: =IFERROR(VLOOKUP(基本資料填寫!$E$1&"-"&ROW(S1),基本資料填寫!$E:$EU,COLUMN(基本資料填寫!W1),0),"") -> 530000 | J3: =IFERROR(VLOOKUP(基本資料填寫!$E$1&"-"&ROW(T1),基本資料填寫!$E:$EU,COLUMN(基本資料填寫!X1),0),"") -> 3 M | K3: =IFERROR(VLOOKUP(基本資料填寫!$E$1&"-"&ROW(U1),基本資料填寫!$E:$EU,COLUMN(基本資料填寫!Y1),0),"") -> 83.3 | L3: =IFERROR(VLOOKUP(基本資料填寫!$E$1&"-"&ROW(V1),基本資料填寫!$E:$EU,COLUMN(基本資料填寫!Z1),0),"") -> 12000 | M3: =IFERROR(VLOOKUP(基本資料填寫!$E$1&"-"&ROW(W1),基本資料填寫!$E:$EU,COLUMN(基本資料填寫!AA1),0),"") -> 1.5 | N3: =IFERROR(VLOOKUP(基本資料填寫!$E$1&"-"&ROW(X1),基本資料填寫!$E:$EU,COLUMN(基本資料填寫!AB1),0),"") -> Y
A4: =IF(E4="","",COUNTA($E$3:E4)) -> 2 | B4: =IFERROR(VLOOKUP(基本資料填寫!$E$1&"-"&ROW(F2),基本資料填寫!$E:$EU,COLUMN(基本資料填寫!F2),0),"") -> 0001 | C4: =IFERROR(VLOOKUP(基本資料填寫!$E$1&"-"&ROW(K2),基本資料填寫!$E:$EU,COLUMN(基本資料填寫!K2),0),"") -> 455.029.4.21H | D4: =IFERROR(VLOOKUP(基本資料填寫!$E$1&"-"&ROW(H2),基本資料填寫!$E:$EU,COLUMN(基本資料填寫!L2),0),"") -> Sound Powered Telephone, 12 Stations, Wall-Mounted (with H27A Jack) | E4: =IFERROR(VLOOKUP(基本資料填寫!$E$1&"-"&ROW(I2),基本資料填寫!$E:$EU,COLUMN(基本資料填寫!M2),0),"") -> 12站壁掛式聲力電話(附H27A 插座) | F4: =IFERROR(VLOOKUP(基本資料填寫!$E$1&"-"&ROW(O2),基本資料填寫!$E:$EU,COLUMN(基本資料填寫!S2),0),"") -> 5805YETL22088 | G4: =IFERROR(VLOOKUP(基本資料填寫!$E$1&"-"&ROW(P2),基本資料填寫!$E:$EU,COLUMN(基本資料填寫!T2),0),"") -> 1 | H4: =IFERROR(VLOOKUP(基本資料填寫!$E$1&"-"&ROW(R2),基本資料填寫!$E:$EU,COLUMN(基本資料填寫!V2),0),"") -> EA | I4: =IFERROR(VLOOKUP(基本資料填寫!$E$1&"-"&ROW(S2),基本資料填寫!$E:$EU,COLUMN(基本資料填寫!W2),0),"") -> 1200 | J4: =IFERROR(VLOOKUP(基本資料填寫!$E$1&"-"&ROW(T2),基本資料填寫!$E:$EU,COLUMN(基本資料填寫!X2),0),"") -> 3 M | K4: =IFERROR(VLOOKUP(基本資料填寫!$E$1&"-"&ROW(U2),基本資料填寫!$E:$EU,COLUMN(基本資料填寫!Y2),0),"") -> 83.3 | L4: =IFERROR(VLOOKUP(基本資料填寫!$E$1&"-"&ROW(V2),基本資料填寫!$E:$EU,COLUMN(基本資料填寫!Z2),0),"") -> 12000 | M4: =IFERROR(VLOOKUP(基本資料填寫!$E$1&"-"&ROW(W2),基本資料填寫!$E:$EU,COLUMN(基本資料填寫!AA2),0),"") -> 1.5 | N4: =IFERROR(VLOOKUP(基本資料填寫!$E$1&"-"&ROW(X2),基本資料填寫!$E:$EU,COLUMN(基本資料填寫!AB2),0),"") -> Y
A5: =IF(E5="","",COUNTA($E$3:E5)) -> 3 | B5: =IFERROR(VLOOKUP(基本資料填寫!$E$1&"-"&ROW(F3),基本資料填寫!$E:$EU,COLUMN(基本資料填寫!F3),0),"") -> 0002 | C5: =IFERROR(VLOOKUP(基本資料填寫!$E$1&"-"&ROW(K3),基本資料填寫!$E:$EU,COLUMN(基本資料填寫!K3),0),"") -> 455.031.4.16H | D5: =IFERROR(VLOOKUP(基本資料填寫!$E$1&"-"&ROW(H3),基本資料填寫!$E:$EU,COLUMN(基本資料填寫!L3),0),"") -> Sound Powered Telephone, 24 Stations, Wall-Mounted (with H27A Jack) | E5: =IFERROR(VLOOKUP(基本資料填寫!$E$1&"-"&ROW(I3),基本資料填寫!$E:$EU,COLUMN(基本資料填寫!M3),0),"") -> 24站壁掛式聲力電話(附H27A 插座) | F5: =IFERROR(VLOOKUP(基本資料填寫!$E$1&"-"&ROW(O3),基本資料填寫!$E:$EU,COLUMN(基本資料填寫!S3),0),"") -> 5805YETL22087 | G5: =IFERROR(VLOOKUP(基本資料填寫!$E$1&"-"&ROW(P3),基本資料填寫!$E:$EU,COLUMN(基本資料填寫!T3),0),"") -> 1 | H5: =IFERROR(VLOOKUP(基本資料填寫!$E$1&"-"&ROW(R3),基本資料填寫!$E:$EU,COLUMN(基本資料填寫!V3),0),"") -> EA | I5: =IFERROR(VLOOKUP(基本資料填寫!$E$1&"-"&ROW(S3),基本資料填寫!$E:$EU,COLUMN(基本資料填寫!W3),0),"") -> 1200 | J5: =IFERROR(VLOOKUP(基本資料填寫!$E$1&"-"&ROW(T3),基本資料填寫!$E:$EU,COLUMN(基本資料填寫!X3),0),"") -> 3 M | K5: =IFERROR(VLOOKUP(基本資料填寫!$E$1&"-"&ROW(U3),基本資料填寫!$E:$EU,COLUMN(基本資料填寫!Y3),0),"") -> 83.3 | L5: =IFERROR(VLOOKUP(基本資料填寫!$E$1&"-"&ROW(V3),基本資料填寫!$E:$EU,COLUMN(基本資料填寫!Z3),0),"") -> 12000 | M5: =IFERROR(VLOOKUP(基本資料填寫!$E$1&"-"&ROW(W3),基本資料填寫!$E:$EU,COLUMN(基本資料填寫!AA3),0),"") -> 1.5 | N5: =IFERROR(VLOOKUP(基本資料填寫!$E$1&"-"&ROW(X3),基本資料填寫!$E:$EU,COLUMN(基本資料填寫!AB3),0),"") -> Y
A6: =IF(E6="","",COUNTA($E$3:E6)) -> 4 | B6: =IFERROR(VLOOKUP(基本資料填寫!$E$1&"-"&ROW(F4),基本資料填寫!$E:$EU,COLUMN(基本資料填寫!F4),0),"") -> 0003 | C6: =IFERROR(VLOOKUP(基本資料填寫!$E$1&"-"&ROW(K4),基本資料填寫!$E:$EU,COLUMN(基本資料填寫!K4),0),"") -> 455.005.7H | D6: =IFERROR(VLOOKUP(基本資料填寫!$E$1&"-"&ROW(H4),基本資料填寫!$E:$EU,COLUMN(基本資料填寫!L4),0),"") -> Sound Powered Telephone (12-station/built-in with dimmer and H27A jack) | E6: =IFERROR(VLOOKUP(基本資料填寫!$E$1&"-"&ROW(I4),基本資料填寫!$E:$EU,COLUMN(基本資料填寫!M4),0),"") -> 12站埋入式聲力電話(附H27A 插座) | F6: =IFERROR(VLOOKUP(基本資料填寫!$E$1&"-"&ROW(O4),基本資料填寫!$E:$EU,COLUMN(基本資料填寫!S4),0),"") -> 5805YETL22086 | G6: =IFERROR(VLOOKUP(基本資料填寫!$E$1&"-"&ROW(P4),基本資料填寫!$E:$EU,COLUMN(基本資料填寫!T4),0),"") -> 1 | H6: =IFERROR(VLOOKUP(基本資料填寫!$E$1&"-"&ROW(R4),基本資料填寫!$E:$EU,COLUMN(基本資料填寫!V4),0),"") -> EA | I6: =IFERROR(VLOOKUP(基本資料填寫!$E$1&"-"&ROW(S4),基本資料填寫!$E:$EU,COLUMN(基本資料填寫!W4),0),"") -> 1200 | J6: =IFERROR(VLOOKUP(基本資料填寫!$E$1&"-"&ROW(T4),基本資料填寫!$E:$EU,COLUMN(基本資料填寫!X4),0),"") -> 3 M | K6: =IFERROR(VLOOKUP(基本資料填寫!$E$1&"-"&ROW(U4),基本資料填寫!$E:$EU,COLUMN(基本資料填寫!Y4),0),"") -> 83.3 | L6: =IFERROR(VLOOKUP(基本資料填寫!$E$1&"-"&ROW(V4),基本資料填寫!$E:$EU,COLUMN(基本資料填寫!Z4),0),"") -> 12000 | M6: =IFERROR(VLOOKUP(基本資料填寫!$E$1&"-"&ROW(W4),基本資料填寫!$E:$EU,COLUMN(基本資料填寫!AA4),0),"") -> 1.5 | N6: =IFERROR(VLOOKUP(基本資料填寫!$E$1&"-"&ROW(X4),基本資料填寫!$E:$EU,COLUMN(基本資料填寫!AB4),0),"") -> Y
A7: =IF(E7="","",COUNTA($E$3:E7)) -> 5 | B7: =IFERROR(VLOOKUP(基本資料填寫!$E$1&"-"&ROW(F5),基本資料填寫!$E:$EU,COLUMN(基本資料填寫!F5),0),"") -> 0004 | C7: =IFERROR(VLOOKUP(基本資料填寫!$E$1&"-"&ROW(K5),基本資料填寫!$E:$EU,COLUMN(基本資料填寫!K5),0),"") -> 455.029.4.12H | D7: =IFERROR(VLOOKUP(基本資料填寫!$E$1&"-"&ROW(H5),基本資料填寫!$E:$EU,COLUMN(基本資料填寫!L5),0),"") -> Sound Powered Telephone (24-station/built-in with dimmer and H27A jack) | E7: =IFERROR(VLOOKUP(基本資料填寫!$E$1&"-"&ROW(I5),基本資料填寫!$E:$EU,COLUMN(基本資料填寫!M5),0),"") -> 24站埋入式聲力電話(附H27A 插座) | F7: =IFERROR(VLOOKUP(基本資料填寫!$E$1&"-"&ROW(O5),基本資料填寫!$E:$EU,COLUMN(基本資料填寫!S5),0),"") -> 5805YETL22085 | G7: =IFERROR(VLOOKUP(基本資料填寫!$E$1&"-"&ROW(P5),基本資料填寫!$E:$EU,COLUMN(基本資料填寫!T5),0),"") -> 1 | H7: =IFERROR(VLOOKUP(基本資料填寫!$E$1&"-"&ROW(R5),基本資料填寫!$E:$EU,COLUMN(基本資料填寫!V5),0),"") -> EA | I7: =IFERROR(VLOOKUP(基本資料填寫!$E$1&"-"&ROW(S5),基本資料填寫!$E:$EU,COLUMN(基本資料填寫!W5),0),"") -> 1200 | J7: =IFERROR(VLOOKUP(基本資料填寫!$E$1&"-"&ROW(T5),基本資料填寫!$E:$EU,COLUMN(基本資料填寫!X5),0),"") -> 3 M | K7: =IFERROR(VLOOKUP(基本資料填寫!$E$1&"-"&ROW(U5),基本資料填寫!$E:$EU,COLUMN(基本資料填寫!Y5),0),"") -> 83.3 | L7: =IFERROR(VLOOKUP(基本資料填寫!$E$1&"-"&ROW(V5),基本資料填寫!$E:$EU,COLUMN(基本資料填寫!Z5),0),"") -> 12000 | M7: =IFERROR(VLOOKUP(基本資料填寫!$E$1&"-"&ROW(W5),基本資料填寫!$E:$EU,COLUMN(基本資料填寫!AA5),0),"") -> 1.5 | N7: =IFERROR(VLOOKUP(基本資料填寫!$E$1&"-"&ROW(X5),基本資料填寫!$E:$EU,COLUMN(基本資料填寫!AB5),0),"") -> Y
A8: =IF(E8="","",COUNTA($E$3:E8)) -> 6 | B8: =IFERROR(VLOOKUP(基本資料填寫!$E$1&"-"&ROW(F6),基本資料填寫!$E:$EU,COLUMN(基本資料填寫!F6),0),"") -> 0005 | C8: =IFERROR(VLOOKUP(基本資料填寫!$E$1&"-"&ROW(K6),基本資料填寫!$E:$EU,COLUMN(基本資料填寫!K6),0),"") -> 350.500 | D8: =IFERROR(VLOOKUP(基本資料填寫!$E$1&"-"&ROW(H6),基本資料填寫!$E:$EU,COLUMN(基本資料填寫!L6),0),"") -> Portable chest head sound powered telephone (with/without foot switch) | E8: =IFERROR(VLOOKUP(基本資料填寫!$E$1&"-"&ROW(I6),基本資料填寫!$E:$EU,COLUMN(基本資料填寫!M6),0),"") -> 頭戴式聲力電話(頭戴型及腳控型) | F8: =IFERROR(VLOOKUP(基本資料填寫!$E$1&"-"&ROW(O6),基本資料填寫!$E:$EU,COLUMN(基本資料填寫!S6),0),"") -> 5965YETL申請中 | G8: =IFERROR(VLOOKUP(基本資料填寫!$E$1&"-"&ROW(P6),基本資料填寫!$E:$EU,COLUMN(基本資料填寫!T6),0),"") -> 1 | H8: =IFERROR(VLOOKUP(基本資料填寫!$E$1&"-"&ROW(R6),基本資料填寫!$E:$EU,COLUMN(基本資料填寫!V6),0),"") -> EA | I8: =IFERROR(VLOOKUP(基本資料填寫!$E$1&"-"&ROW(S6),基本資料填寫!$E:$EU,COLUMN(基本資料填寫!W6),0),"") -> 1200 | J8: =IFERROR(VLOOKUP(基本資料填寫!$E$1&"-"&ROW(T6),基本資料填寫!$E:$EU,COLUMN(基本資料填寫!X6),0),"") -> 3 M | K8: =IFERROR(VLOOKUP(基本資料填寫!$E$1&"-"&ROW(U6),基本資料填寫!$E:$EU,COLUMN(基本資料填寫!Y6),0),"") -> 100 | L8: =IFERROR(VLOOKUP(基本資料填寫!$E$1&"-"&ROW(V6),基本資料填寫!$E:$EU,COLUMN(基本資料填寫!Z6),0),"") -> 10000 | M8: =IFERROR(VLOOKUP(基本資料填寫!$E$1&"-"&ROW(W6),基本資料填寫!$E:$EU,COLUMN(基本資料填寫!AA6),0),"") -> 1 | N8: =IFERROR(VLOOKUP(基本資料填寫!$E$1&"-"&ROW(X6),基本資料填寫!$E:$EU,COLUMN(基本資料填寫!AB6),0),"") -> Y
A9: =IF(E9="","",COUNTA($E$3:E9)) -> 7 | B9: =IFERROR(VLOOKUP(基本資料填寫!$E$1&"-"&ROW(F7),基本資料填寫!$E:$EU,COLUMN(基本資料填寫!F7),0),"") -> 0006 | C9: =IFERROR(VLOOKUP(基本資料填寫!$E$1&"-"&ROW(K7),基本資料填寫!$E:$EU,COLUMN(基本資料填寫!K7),0),"") -> 149.015 SCM | D9: =IFERROR(VLOOKUP(基本資料填寫!$E$1&"-"&ROW(H7),基本資料填寫!$E:$EU,COLUMN(基本資料填寫!L7),0),"") -> Panel-mounted jack | E9: =IFERROR(VLOOKUP(基本資料填寫!$E$1&"-"&ROW(I7),基本資料填寫!$E:$EU,COLUMN(基本資料填寫!M7),0),"") -> 聲力電話插座 (埋入式) | F9: =IFERROR(VLOOKUP(基本資料填寫!$E$1&"-"&ROW(O7),基本資料填寫!$E:$EU,COLUMN(基本資料填寫!S7),0),"") -> 5935YETL22089 | G9: =IFERROR(VLOOKUP(基本資料填寫!$E$1&"-"&ROW(P7),基本資料填寫!$E:$EU,COLUMN(基本資料填寫!T7),0),"") -> 1 | H9: =IFERROR(VLOOKUP(基本資料填寫!$E$1&"-"&ROW(R7),基本資料填寫!$E:$EU,COLUMN(基本資料填寫!V7),0),"") -> EA | I9: =IFERROR(VLOOKUP(基本資料填寫!$E$1&"-"&ROW(S7),基本資料填寫!$E:$EU,COLUMN(基本資料填寫!W7),0),"") -> 120 | J9: =IFERROR(VLOOKUP(基本資料填寫!$E$1&"-"&ROW(T7),基本資料填寫!$E:$EU,COLUMN(基本資料填寫!X7),0),"") -> 3 M | K9: =IFERROR(VLOOKUP(基本資料填寫!$E$1&"-"&ROW(U7),基本資料填寫!$E:$EU,COLUMN(基本資料填寫!Y7),0),"") -> 66.7 | L9: =IFERROR(VLOOKUP(基本資料填寫!$E$1&"-"&ROW(V7),基本資料填寫!$E:$EU,COLUMN(基本資料填寫!Z7),0),"") -> 15000 | M9: =IFERROR(VLOOKUP(基本資料填寫!$E$1&"-"&ROW(W7),基本資料填寫!$E:$EU,COLUMN(基本資料填寫!AA7),0),"") -> 0.5 | N9: =IFERROR(VLOOKUP(基本資料填寫!$E$1&"-"&ROW(X7),基本資料填寫!$E:$EU,COLUMN(基本資料填寫!AB7),0),"") -> Y
A10: =IF(E10="","",COUNTA($E$3:E10)) -> 8 | B10: =IFERROR(VLOOKUP(基本資料填寫!$E$1&"-"&ROW(F8),基本資料填寫!$E:$EU,COLUMN(基本資料填寫!F8),0),"") -> 0007 | C10: =IFERROR(VLOOKUP(基本資料填寫!$E$1&"-"&ROW(K8),基本資料填寫!$E:$EU,COLUMN(基本資料填寫!K8),0),"") -> 350.501 SCM | D10: =IFERROR(VLOOKUP(基本資料填寫!$E$1&"-"&ROW(H8),基本資料填寫!$E:$EU,COLUMN(基本資料填寫!L8),0),"") -> Jack-box for connection | E10: =IFERROR(VLOOKUP(基本資料填寫!$E$1&"-"&ROW(I8),基本資料填寫!$E:$EU,COLUMN(基本資料填寫!M8),0),"") -> 聲力電話插座 (防水壁掛式) | F10: =IFERROR(VLOOKUP(基本資料填寫!$E$1&"-"&ROW(O8),基本資料填寫!$E:$EU,COLUMN(基本資料填寫!S8),0),"") -> 5935YETL22119 | G10: =IFERROR(VLOOKUP(基本資料填寫!$E$1&"-"&ROW(P8),基本資料填寫!$E:$EU,COLUMN(基本資料填寫!T8),0),"") -> 1 | H10: =IFERROR(VLOOKUP(基本資料填寫!$E$1&"-"&ROW(R8),基本資料填寫!$E:$EU,COLUMN(基本資料填寫!V8),0),"") -> EA | I10: =IFERROR(VLOOKUP(基本資料填寫!$E$1&"-"&ROW(S8),基本資料填寫!$E:$EU,COLUMN(基本資料填寫!W8),0),"") -> 120 | J10: =IFERROR(VLOOKUP(基本資料填寫!$E$1&"-"&ROW(T8),基本資料填寫!$E:$EU,COLUMN(基本資料填寫!X8),0),"") -> 3 M | K10: =IFERROR(VLOOKUP(基本資料填寫!$E$1&"-"&ROW(U8),基本資料填寫!$E:$EU,COLUMN(基本資料填寫!Y8),0),"") -> 71.4 | L10: =IFERROR(VLOOKUP(基本資料填寫!$E$1&"-"&ROW(V8),基本資料填寫!$E:$EU,COLUMN(基本資料填寫!Z8),0),"") -> 14000 | M10: =IFERROR(VLOOKUP(基本資料填寫!$E$1&"-"&ROW(W8),基本資料填寫!$E:$EU,COLUMN(基本資料填寫!AA8),0),"") -> 0.5 | N10: =IFERROR(VLOOKUP(基本資料填寫!$E$1&"-"&ROW(X8),基本資料填寫!$E:$EU,COLUMN(基本資料填寫!AB8),0),"") -> Y
A11: =IF(E11="","",COUNTA($E$3:E11)) -> 9 | B11: =IFERROR(VLOOKUP(基本資料填寫!$E$1&"-"&ROW(F9),基本資料填寫!$E:$EU,COLUMN(基本資料填寫!F9),0),"") -> 0008 | C11: =IFERROR(VLOOKUP(基本資料填寫!$E$1&"-"&ROW(K9),基本資料填寫!$E:$EU,COLUMN(基本資料填寫!K9),0),"") -> 455.805 | D11: =IFERROR(VLOOKUP(基本資料填寫!$E$1&"-"&ROW(H9),基本資料填寫!$E:$EU,COLUMN(基本資料填寫!L9),0),"") -> Audio Frecuency Amplifie | E11: =IFERROR(VLOOKUP(基本資料填寫!$E$1&"-"&ROW(I9),基本資料填寫!$E:$EU,COLUMN(基本資料填寫!M9),0),"") -> 聲力電話放大器 | F11: =IFERROR(VLOOKUP(基本資料填寫!$E$1&"-"&ROW(O9),基本資料填寫!$E:$EU,COLUMN(基本資料填寫!S9),0),"") -> 5965YETL申請中 | G11: =IFERROR(VLOOKUP(基本資料填寫!$E$1&"-"&ROW(P9),基本資料填寫!$E:$EU,COLUMN(基本資料填寫!T9),0),"") -> 1 | H11: =IFERROR(VLOOKUP(基本資料填寫!$E$1&"-"&ROW(R9),基本資料填寫!$E:$EU,COLUMN(基本資料填寫!V9),0),"") -> EA | I11: =IFERROR(VLOOKUP(基本資料填寫!$E$1&"-"&ROW(S9),基本資料填寫!$E:$EU,COLUMN(基本資料填寫!W9),0),"") -> 650 | J11: =IFERROR(VLOOKUP(基本資料填寫!$E$1&"-"&ROW(T9),基本資料填寫!$E:$EU,COLUMN(基本資料填寫!X9),0),"") -> 3 M | K11: =IFERROR(VLOOKUP(基本資料填寫!$E$1&"-"&ROW(U9),基本資料填寫!$E:$EU,COLUMN(基本資料填寫!Y9),0),"") -> 125 | L11: =IFERROR(VLOOKUP(基本資料填寫!$E$1&"-"&ROW(V9),基本資料填寫!$E:$EU,COLUMN(基本資料填寫!Z9),0),"") -> 8000 | M11: =IFERROR(VLOOKUP(基本資料填寫!$E$1&"-"&ROW(W9),基本資料填寫!$E:$EU,COLUMN(基本資料填寫!AA9),0),"") -> 1.5 | N11: =IFERROR(VLOOKUP(基本資料填寫!$E$1&"-"&ROW(X9),基本資料填寫!$E:$EU,COLUMN(基本資料填寫!AB9),0),"") -> Y
A12: =IF(E12="","",COUNTA($E$3:E12)) -> 10 | B12: =IFERROR(VLOOKUP(基本資料填寫!$E$1&"-"&ROW(F10),基本資料填寫!$E:$EU,COLUMN(基本資料填寫!F10),0),"") -> 0009 | C12: =IFERROR(VLOOKUP(基本資料填寫!$E$1&"-"&ROW(K10),基本資料填寫!$E:$EU,COLUMN(基本資料填寫!K10),0),"") -> 149.907 | D12: =IFERROR(VLOOKUP(基本資料填寫!$E$1&"-"&ROW(H10),基本資料填寫!$E:$EU,COLUMN(基本資料填寫!L10),0),"") -> Exponential Speaker | E12: =IFERROR(VLOOKUP(基本資料填寫!$E$1&"-"&ROW(I10),基本資料填寫!$E:$EU,COLUMN(基本資料填寫!M10),0),"") -> 揚聲防水喇叭 | F12: =IFERROR(VLOOKUP(基本資料填寫!$E$1&"-"&ROW(O10),基本資料填寫!$E:$EU,COLUMN(基本資料填寫!S10),0),"") -> 5965YETL申請中 | G12: =IFERROR(VLOOKUP(基本資料填寫!$E$1&"-"&ROW(P10),基本資料填寫!$E:$EU,COLUMN(基本資料填寫!T10),0),"") -> 1 | H12: =IFERROR(VLOOKUP(基本資料填寫!$E$1&"-"&ROW(R10),基本資料填寫!$E:$EU,COLUMN(基本資料填寫!V10),0),"") -> EA | I12: =IFERROR(VLOOKUP(基本資料填寫!$E$1&"-"&ROW(S10),基本資料填寫!$E:$EU,COLUMN(基本資料填寫!W10),0),"") -> 150 | J12: =IFERROR(VLOOKUP(基本資料填寫!$E$1&"-"&ROW(T10),基本資料填寫!$E:$EU,COLUMN(基本資料填寫!X10),0),"") -> 3 M | K12: =IFERROR(VLOOKUP(基本資料填寫!$E$1&"-"&ROW(U10),基本資料填寫!$E:$EU,COLUMN(基本資料填寫!Y10),0),"") -> 100 | L12: =IFERROR(VLOOKUP(基本資料填寫!$E$1&"-"&ROW(V10),基本資料填寫!$E:$EU,COLUMN(基本資料填寫!Z10),0),"") -> 10000 | M12: =IFERROR(VLOOKUP(基本資料填寫!$E$1&"-"&ROW(W10),基本資料填寫!$E:$EU,COLUMN(基本資料填寫!AA10),0),"") -> 1 | N12: =IFERROR(VLOOKUP(基本資料填寫!$E$1&"-"&ROW(X10),基本資料填寫!$E:$EU,COLUMN(基本資料填寫!AB10),0),"") -> Y
A13: =IF(E13="","",COUNTA($E$3:E13)) -> 11 | B13: =IFERROR(VLOOKUP(基本資料填寫!$E$1&"-"&ROW(F11),基本資料填寫!$E:$EU,COLUMN(基本資料填寫!F11),0),"") -> 0010 | C13: =IFERROR(VLOOKUP(基本資料填寫!$E$1&"-"&ROW(K11),基本資料填寫!$E:$EU,COLUMN(基本資料填寫!K11),0),"") -> 455.010 SCM | D13: =IFERROR(VLOOKUP(基本資料填寫!$E$1&"-"&ROW(H11),基本資料填寫!$E:$EU,COLUMN(基本資料填寫!L11),0),"") -> Visual Signal Device LD-MG | E13: =IFERROR(VLOOKUP(基本資料填寫!$E$1&"-"&ROW(I11),基本資料填寫!$E:$EU,COLUMN(基本資料填寫!M11),0),"") -> 白光警示燈 | F13: =IFERROR(VLOOKUP(基本資料填寫!$E$1&"-"&ROW(O11),基本資料填寫!$E:$EU,COLUMN(基本資料填寫!S11),0),"") -> 6350YETL22084 | G13: =IFERROR(VLOOKUP(基本資料填寫!$E$1&"-"&ROW(P11),基本資料填寫!$E:$EU,COLUMN(基本資料填寫!T11),0),"") -> 1 | H13: =IFERROR(VLOOKUP(基本資料填寫!$E$1&"-"&ROW(R11),基本資料填寫!$E:$EU,COLUMN(基本資料填寫!V11),0),"") -> EA | I13: =IFERROR(VLOOKUP(基本資料填寫!$E$1&"-"&ROW(S11),基本資料填寫!$E:$EU,COLUMN(基本資料填寫!W11),0),"") -> 40 | J13: =IFERROR(VLOOKUP(基本資料填寫!$E$1&"-"&ROW(T11),基本資料填寫!$E:$EU,COLUMN(基本資料填寫!X11),0),"") -> 3 M | K13: =IFERROR(VLOOKUP(基本資料填寫!$E$1&"-"&ROW(U11),基本資料填寫!$E:$EU,COLUMN(基本資料填寫!Y11),0),"") -> 111.1 | L13: =IFERROR(VLOOKUP(基本資料填寫!$E$1&"-"&ROW(V11),基本資料填寫!$E:$EU,COLUMN(基本資料填寫!Z11),0),"") -> 9000 | M13: =IFERROR(VLOOKUP(基本資料填寫!$E$1&"-"&ROW(W11),基本資料填寫!$E:$EU,COLUMN(基本資料填寫!AA11),0),"") -> 1 | N13: =IFERROR(VLOOKUP(基本資料填寫!$E$1&"-"&ROW(X11),基本資料填寫!$E:$EU,COLUMN(基本資料填寫!AB11),0),"") -> N
A14: =IF(E14="","",COUNTA($E$3:E14)) -> 12 | B14: =IFERROR(VLOOKUP(基本資料填寫!$E$1&"-"&ROW(F12),基本資料填寫!$E:$EU,COLUMN(基本資料填寫!F12),0),"") -> 0011 | C14: =IFERROR(VLOOKUP(基本資料填寫!$E$1&"-"&ROW(K12),基本資料填寫!$E:$EU,COLUMN(基本資料填寫!K12),0),"") -> 358.004 SCM | D14: =IFERROR(VLOOKUP(基本資料填寫!$E$1&"-"&ROW(H12),基本資料填寫!$E:$EU,COLUMN(基本資料填寫!L12),0),"") -> Stowage box(For one telephone) CJ - EST -1-X | E14: =IFERROR(VLOOKUP(基本資料填寫!$E$1&"-"&ROW(I12),基本資料填寫!$E:$EU,COLUMN(基本資料填寫!M12),0),"") -> 頭戴式聲力電話放置箱 CJ - EST -1-X(單格) | F14: =IFERROR(VLOOKUP(基本資料填寫!$E$1&"-"&ROW(O12),基本資料填寫!$E:$EU,COLUMN(基本資料填寫!S12),0),"") -> 5965YETL22083 | G14: =IFERROR(VLOOKUP(基本資料填寫!$E$1&"-"&ROW(P12),基本資料填寫!$E:$EU,COLUMN(基本資料填寫!T12),0),"") -> 1 | H14: =IFERROR(VLOOKUP(基本資料填寫!$E$1&"-"&ROW(R12),基本資料填寫!$E:$EU,COLUMN(基本資料填寫!V12),0),"") -> EA | I14: =IFERROR(VLOOKUP(基本資料填寫!$E$1&"-"&ROW(S12),基本資料填寫!$E:$EU,COLUMN(基本資料填寫!W12),0),"") -> 120 | J14: =IFERROR(VLOOKUP(基本資料填寫!$E$1&"-"&ROW(T12),基本資料填寫!$E:$EU,COLUMN(基本資料填寫!X12),0),"") -> 3 M | K14: =IFERROR(VLOOKUP(基本資料填寫!$E$1&"-"&ROW(U12),基本資料填寫!$E:$EU,COLUMN(基本資料填寫!Y12),0),"") -> 50 | L14: =IFERROR(VLOOKUP(基本資料填寫!$E$1&"-"&ROW(V12),基本資料填寫!$E:$EU,COLUMN(基本資料填寫!Z12),0),"") -> 20000 | M14: =IFERROR(VLOOKUP(基本資料填寫!$E$1&"-"&ROW(W12),基本資料填寫!$E:$EU,COLUMN(基本資料填寫!AA12),0),"") -> 0.25 | N14: =IFERROR(VLOOKUP(基本資料填寫!$E$1&"-"&ROW(X12),基本資料填寫!$E:$EU,COLUMN(基本資料填寫!AB12),0),"") -> N
... A101: =IF(E101="","",COUNTA($E$3:E101)) | B101: =IFERROR(VLOOKUP(基本資料填寫!$E$1&"-"&ROW(F99),基本資料填寫!$E:$EU,COLUMN(基本資料填寫!F99),0),"") | C101: =IFERROR(VLOOKUP(基本資料填寫!$E$1&"-"&ROW(K99),基本資料填寫!$E:$EU,COLUMN(基本資料填寫!K99),0),"") | D101: =IFERROR(VLOOKUP(基本資料填寫!$E$1&"-"&ROW(H99),基本資料填寫!$E:$EU,COLUMN(基本資料填寫!L99),0),"") | E101: =IFERROR(VLOOKUP(基本資料填寫!$E$1&"-"&ROW(I99),基本資料填寫!$E:$EU,COLUMN(基本資料填寫!M99),0),"") | F101: =IFERROR(VLOOKUP(基本資料填寫!$E$1&"-"&ROW(O99),基本資料填寫!$E:$EU,COLUMN(基本資料填寫!S99),0),"") | G101: =IFERROR(VLOOKUP(基本資料填寫!$E$1&"-"&ROW(P99),基本資料填寫!$E:$EU,COLUMN(基本資料填寫!T99),0),"") | H101: =IFERROR(VLOOKUP(基本資料填寫!$E$1&"-"&ROW(R99),基本資料填寫!$E:$EU,COLUMN(基本資料填寫!V99),0),"") | I101: =IFERROR(VLOOKUP(基本資料填寫!$E$1&"-"&ROW(S99),基本資料填寫!$E:$EU,COLUMN(基本資料填寫!W99),0),"") | J101: =IFERROR(VLOOKUP(基本資料填寫!$E$1&"-"&ROW(T99),基本資料填寫!$E:$EU,COLUMN(基本資料填寫!X99),0),"") | K101: =IFERROR(VLOOKUP(基本資料填寫!$E$1&"-"&ROW(U99),基本資料填寫!$E:$EU,COLUMN(基本資料填寫!Y99),0),"") | L101: =IFERROR(VLOOKUP(基本資料填寫!$E$1&"-"&ROW(V99),基本資料填寫!$E:$EU,COLUMN(基本資料填寫!Z99),0),"") | M101: =IFERROR(VLOOKUP(基本資料填寫!$E$1&"-"&ROW(W99),基本資料填寫!$E:$EU,COLUMN(基本資料填寫!AA99),0),"") | N101: =IFERROR(VLOOKUP(基本資料填寫!$E$1&"-"&ROW(X99),基本資料填寫!$E:$EU,COLUMN(基本資料填寫!AB99),0),"")

Sheet 2M
A1: *異動方式(N新增、C修改、D刪除) | B1: *項次 | C1: *會計編號 | D1: *族群結構碼HSC | E1: *單機識別碼CID | F1: 組類別 | G1: 品項識別號 | H1: 英文名稱 | I1: 中文名稱 | J1: 裝備形式 | K1: 裝備代號 | L1: 上層適用裝備單機識別碼CID | M1: 上層適用裝備中文名稱 | N1: 上層適用裝備英文名稱 | O1: 同一類型數量 | P1: 裝設地點 | Q1: 艦型 | R1: 裝備序號 | S1: 構型報告單位 | T1: 構型報告人員 | U1: 軍事重要性代碼 | V1: 一般性代碼 | W1: 安全等級 | X1: 原始序號 | Y1: VM_ESN類別 | Z1: 原始資料代碼 | AA1: 裝備供應者代碼 | AB1: 安裝圖號 | AC1: 安裝圖號版別 | AD1: 安裝圖號元件編號 | AE1: 安裝圖號數量 | AF1: VM_ESN序號 | AG1: 統計驗證代碼 | AH1: 安裝狀況代碼 | AI1: 裝備品管行動代碼 | AJ1: 次總成名稱 | AK1: 未獲檢驗通過原因 | AL1: 工作管制號碼 | AM1: 構型變更表單頁次 | AN1: 主裝備名稱 | AO1: 構型報表日期 | AP1: 後勤支援需求代號 | AQ1: PWSF記錄狀況代碼 | AR1: 船艦區域維護代碼 | AS1: 負責維修之工作班代碼 | AT1: 配賦處理代碼 | AU1: 輸入PWSF代碼 | AV1: 廠商專用管制編號 | AW1: 記錄轉移PWSF日期 | AX1: PSDN類別 | AY1: 採購來源文件編號 | AZ1: 採購來源文件項目編號 | BA1: 配賦附錄表頁次 | BB1: APL日期 | BC1: 新增資料編號 | BD1: 廠商專用代碼 | BE1: 設備類別 | BF1: 變更代碼 | BG1: 零附件號碼 | BH1: 處理意見代碼 | BI1: 實際開工日期 | BJ1: 裝備識別代號 | BK1: 計劃完工日期 | BL1: 上層RIN | BM1: 武器系統檔轉送標示 | BN1: 單機識別代碼 | BO1: 裝備組碼 | BP1: 記錄識別碼 | BQ1: 核裝日期 | BR1: 核裝者 | BS1: 核裝卡編號 | BT1: 核裝意見 | BU1: 全艦裝置數 | BV1: 武器級別(英) | BW1: EIC | BX1: 裝備序號
A2: Class | B2: -- | C2: N00001 | D2: N00009 | E2: N00013 | F2: N05054 | G2: N05086 | H2: N00075 | I2: N00111 | J2: N00077 | K2: N00024 | L2: N00014 | M2: CSYS_NAME | N2: SYS_NAME | O2: N00015 | P2: N00026 | Q2: N00051 | R2: ESEQ | S2: N00004 | T2: N00005 | U2: N00010 | V2: N00011 | W2: N00012 | X2: N00016 | Y2: N00017 | Z2: N00018 | AA2: N00019 | AB2: N00020 | AC2: N00021 | AD2: N00022 | AE2: N00023 | AF2: N00027 | AG2: N00028 | AH2: N00029 | AI2: N00030 | AJ2: N00031 | AK2: N00032 | AL2: N00033 | AM2: N00034 | AN2: N00035 | AO2: N00036 | AP2: N00037 | AQ2: N00038 | AR2: N00064 | AS2: N00065 | AT2: N00066 | AU2: N00067 | AV2: N00068 | AW2: N00070 | AX2: N00130 | AY2: N00142 | AZ2: N00143 | BA2: N00146 | BB2: N00147 | BC2: N00148 | BD2: N00149 | BE2: N00159 | BF2: N00164 | BG2: N05064 | BH2: N05865 | BI2: N05881 | BJ2: N05882 | BK2: N05884 | BL2: N05886 | BM2: N06114 | BN2: N06115 | BO2: N06117 | BP2: N06118 | BQ2: T00009 | BR2: T00010 | BS2: T00012 | BT2: T00018 | BU2: ALL_QTY | BV2: N00227 | BW2: NN0001 | BX2: ESEQ
A3: MODIFY_TYPE | B3: IMPORT_ITEM_NUMBER | C3: UNIT_ID | D3: HSC | E3: CID | F3: FSC | G3: NIIN | H3: ITEM_NAME_ENG | I3: ITEM_NAME_CHT | J3: COMPONENT_TYPE | K3: COMPONENT_ID | L3: UPPER_LAYER_CID | M3: UPPER_LAYER_ITEM_NAME_CHT | N3: UPPER_LAYER_ITEM_NAME_ENG | O3: SAME_TYPE_COMPONENT_QUANTITY | P3: SETUP_PLACE | Q3: WARSHIP_TYPE | R3: COMPONENT_SERIAL_NUMBER | S3: CONFIG_UNIT | T3: CONFIG_USER | U3: MILITARY_IMPORTANCE_CODE | V3: GENERAL_CODE | W3: SECURITY_LEVEL | X3: ORIGINAL_SERIAL_NUMBER | Y3: VM_ESN_CATEGORY | Z3: ORIGINAL_DATA_CODE | AA3: COMPONENT_SUPPLIER_CODE | AB3: INSTALL_CHART_NUMBER | AC3: INSTALL_CHART_NUMBER_VN | AD3: INSTALL_CHART_NUMBER_EN | AE3: INSTALL_CHART_NUMBER_QTY | AF3: VM_ESN_SERIAL_NUMBER | AG3: STATISTICAL_VERIFICATION_CODE | AH3: INSTALL_STATUS_CODE | AI3: COMPONENT_QC_ACTION_CODE | AJ3: SUB_ASSEMBLY_NAME | AK3: SURVEY_FAILED_CAUSE | AL3: WORK_CONTORL_ID | AM3: CHANGE_SHEET_CONFIG_PAGE | AN3: MAIN_COMPONENT_NAME | AO3: CONFIG_DATE | AP3: LOGISTIC_SUPPORT_DEMAND_CODE | AQ3: PWSF_RECODE_STATUS_CODE | AR3: MAINTAIN_CODE_WARSHIP_ZONE | AS3: MAINTAIN_TEAM_CODE | AT3: QUOTA_PROCESS_CODE | AU3: PWSF_INPUT_CODE | AV3: FIRM_REGULATORY_NUMBER | AW3: PWSF_DATE | AX3: PSDN_CATEGORY | AY3: PURCHASE_SOURCE_DOC_NO | AZ3: PURCHASE_SOURCE_DOC_ITEM_NO | BA3: QUOTA_APPENDIX_TABLE_PAGE | BB3: APL_DATE | BC3: NEW_DATA_NUMBER | BD3: FIRM_CODE | BE3: EQUIPMENT_CATEGORY | BF3: CHANGE_CODE | BG3: ACCESSORY_NUMBER | BH3: OPINION_PROCESS_CODE | BI3: ACTUAL_OPERATION_DATE | BJ3: EQUIPMENT_SERIAL_NUMBER | BK3: PLAN_COMPLETION_DATE | BL3: UPPER_LAYER_RIN | BM3: WS_TRANSFER_MARK | BN3: DEVICE_IDENTIFY_CODE | BO3: COMPONENT_GRUOP_CODE | BP3: RECODE_IDENTIFY_CODE | BQ3: APPROVED_DATE | BR3: APPROVED_USER | BS3: APPROVED_CARD_NUMBER | BT3: APPROVED_NOTE | BU3: DEVICE_TOTAL_QUANTITY | BV3: WEAPIN_CATEGORY | BW3: EIC
A4: N | B4: =IF(I4="","",COUNTA($I$4:I4)) -> 1 | C4: =IFERROR(VLOOKUP(基本資料填寫!$C$1&"-"&ROW(X1),基本資料填寫!$C:$DU,COLUMN(基本資料填寫!BV2),0),"") -> B21317 | D4: =IFERROR(VLOOKUP(基本資料填寫!$C$1&"-"&ROW(D1),基本資料填寫!$C:$DU,COLUMN(基本資料填寫!L2),0),"") -> 43212 | E4: =IFERROR(VLOOKUP(基本資料填寫!$C$1&"-"&ROW(AP1),基本資料填寫!$C:$DU,COLUMN(基本資料填寫!CN2),0),"") -> 27NYE0823 | F4: =IFERROR(VLOOKUP(基本資料填寫!$C$1&"-"&ROW(I1),基本資料填寫!$C:$DU,COLUMN(基本資料填寫!Q2),0),"") -> 5805 | G4: =IFERROR(VLOOKUP(基本資料填寫!$C$1&"-"&ROW(L1),基本資料填寫!$C:$DU,COLUMN(基本資料填寫!T2),0),"") -> YETL22090 | H4: =IFERROR(VLOOKUP(基本資料填寫!$C$1&"-"&ROW(F1),基本資料填寫!$C:$DU,COLUMN(基本資料填寫!N2),0),"") -> Acoustic Telephone System | I4: =IFERROR(VLOOKUP(基本資料填寫!$C$1&"-"&ROW(G1),基本資料填寫!$C:$DU,COLUMN(基本資料填寫!O2),0),"") -> 聲力電話系統 | J4: =IFERROR(VLOOKUP(基本資料填寫!$C$1&"-"&ROW(E1),基本資料填寫!$C:$DU,COLUMN(基本資料填寫!M2),0),"") -> TA-4CI | K4: =IFERROR(VLOOKUP(基本資料填寫!$C$1&"-"&ROW(X1),基本資料填寫!$C:$DU,COLUMN(基本資料填寫!AF2),0),"") -> 3 | L4: =IFERROR(VLOOKUP(基本資料填寫!$C$1&"-"&ROW(AW1),基本資料填寫!$C:$DU,COLUMN(基本資料填寫!CU2),0),"") -> 0 | M4: =IFERROR(VLOOKUP(基本資料填寫!$C$1&"-"&ROW(AU1),基本資料填寫!$C:$DU,COLUMN(基本資料填寫!CS2),0),"") -> 0 | N4: =IFERROR(VLOOKUP(基本資料填寫!$C$1&"-"&ROW(AV1),基本資料填寫!$C:$DU,COLUMN(基本資料填寫!CT2),0),"") -> 0 | O4: =IFERROR(VLOOKUP(基本資料填寫!$C$1&"-"&ROW(N1),基本資料填寫!$C:$DU,COLUMN(基本資料填寫!V2),0),"") -> 1 | P4: =IFERROR(VLOOKUP(基本資料填寫!$C$1&"-"&ROW(AT1),基本資料填寫!$C:$DU,COLUMN(基本資料填寫!CR2),0),"") -> 前/後機艙 | Q4: =IFERROR(VLOOKUP(基本資料填寫!$C$1&"-"&ROW(AQ1),基本資料填寫!$C:$DU,COLUMN(基本資料填寫!CO2),0),"") -> FFG | R4: =IFERROR(VLOOKUP(基本資料填寫!$C$1&"-"&ROW(Y1),基本資料填寫!$C:$DU,COLUMN(基本資料填寫!AG2),0),"") -> 0823 | S4: =IFERROR(VLOOKUP(基本資料填寫!$C$1&"-"&ROW(Z1),基本資料填寫!$C:$DU,COLUMN(基本資料填寫!AH2),0),"") -> JSSC | AB4: =IFERROR(VLOOKUP(基本資料填寫!$C$1&"-"&ROW(BL1),基本資料填寫!$C:$DU,COLUMN(基本資料填寫!DK2),0),"") -> EK432121 | BG4: =IFERROR(VLOOKUP(基本資料填寫!$C$1&"-"&ROW(E1),基本資料填寫!$C:$DU,COLUMN(基本資料填寫!M2),0),"") -> TA-4CI | BU4: =IFERROR(VLOOKUP(基本資料填寫!$C$1&"-"&ROW(O1),基本資料填寫!$C:$DU,COLUMN(基本資料填寫!W2),0),"") -> 1 | BV4: =IFERROR(VLOOKUP(基本資料填寫!$C$1&"-"&ROW(AA1),基本資料填寫!$C:$DU,COLUMN(基本資料填寫!AI2),0),"") -> ARS
B5: =IF(I5="","",COUNTA($I$4:I5)) | C5: =IFERROR(VLOOKUP(基本資料填寫!$C$1&"-"&ROW(X2),基本資料填寫!$C:$DU,COLUMN(基本資料填寫!BV3),0),"") | D5: =IFERROR(VLOOKUP(基本資料填寫!$C$1&"-"&ROW(D2),基本資料填寫!$C:$DU,COLUMN(基本資料填寫!L3),0),"") | E5: =IFERROR(VLOOKUP(基本資料填寫!$C$1&"-"&ROW(AP2),基本資料填寫!$C:$DU,COLUMN(基本資料填寫!CN3),0),"") | F5: =IFERROR(VLOOKUP(基本資料填寫!$C$1&"-"&ROW(I2),基本資料填寫!$C:$DU,COLUMN(基本資料填寫!Q3),0),"") | G5: =IFERROR(VLOOKUP(基本資料填寫!$C$1&"-"&ROW(L2),基本資料填寫!$C:$DU,COLUMN(基本資料填寫!T3),0),"") | H5: =IFERROR(VLOOKUP(基本資料填寫!$C$1&"-"&ROW(F2),基本資料填寫!$C:$DU,COLUMN(基本資料填寫!N3),0),"") | I5: =IFERROR(VLOOKUP(基本資料填寫!$C$1&"-"&ROW(G2),基本資料填寫!$C:$DU,COLUMN(基本資料填寫!O3),0),"") | J5: =IFERROR(VLOOKUP(基本資料填寫!$C$1&"-"&ROW(E2),基本資料填寫!$C:$DU,COLUMN(基本資料填寫!M3),0),"") | K5: =IFERROR(VLOOKUP(基本資料填寫!$C$1&"-"&ROW(X2),基本資料填寫!$C:$DU,COLUMN(基本資料填寫!AF3),0),"") | L5: =IFERROR(VLOOKUP(基本資料填寫!$C$1&"-"&ROW(AW2),基本資料填寫!$C:$DU,COLUMN(基本資料填寫!CU3),0),"") | M5: =IFERROR(VLOOKUP(基本資料填寫!$C$1&"-"&ROW(AU2),基本資料填寫!$C:$DU,COLUMN(基本資料填寫!CS3),0),"") | N5: =IFERROR(VLOOKUP(基本資料填寫!$C$1&"-"&ROW(AV2),基本資料填寫!$C:$DU,COLUMN(基本資料填寫!CT3),0),"") | O5: =IFERROR(VLOOKUP(基本資料填寫!$C$1&"-"&ROW(N2),基本資料填寫!$C:$DU,COLUMN(基本資料填寫!V3),0),"") | P5: =IFERROR(VLOOKUP(基本資料填寫!$C$1&"-"&ROW(AT2),基本資料填寫!$C:$DU,COLUMN(基本資料填寫!CR3),0),"") | Q5: =IFERROR(VLOOKUP(基本資料填寫!$C$1&"-"&ROW(AQ2),基本資料填寫!$C:$DU,COLUMN(基本資料填寫!CO3),0),"") | R5: =IFERROR(VLOOKUP(基本資料填寫!$C$1&"-"&ROW(Y2),基本資料填寫!$C:$DU,COLUMN(基本資料填寫!AG3),0),"") | S5: =IFERROR(VLOOKUP(基本資料填寫!$C$1&"-"&ROW(Z2),基本資料填寫!$C:$DU,COLUMN(基本資料填寫!AH3),0),"") | AB5: =IFERROR(VLOOKUP(基本資料填寫!$C$1&"-"&ROW(BL2),基本資料填寫!$C:$DU,COLUMN(基本資料填寫!DK3),0),"") | BG5: =IFERROR(VLOOKUP(基本資料填寫!$C$1&"-"&ROW(E2),基本資料填寫!$C:$DU,COLUMN(基本資料填寫!M3),0),"") | BU5: =IFERROR(VLOOKUP(基本資料填寫!$C$1&"-"&ROW(O2),基本資料填寫!$C:$DU,COLUMN(基本資料填寫!W3),0),"") | BV5: =IFERROR(VLOOKUP(基本資料填寫!$C$1&"-"&ROW(AA2),基本資料填寫!$C:$DU,COLUMN(基本資料填寫!AI3),0),"")
B6: =IF(I6="","",COUNTA($I$4:I6)) | C6: =IFERROR(VLOOKUP(基本資料填寫!$C$1&"-"&ROW(X3),基本資料填寫!$C:$DU,COLUMN(基本資料填寫!BV4),0),"") | D6: =IFERROR(VLOOKUP(基本資料填寫!$C$1&"-"&ROW(D3),基本資料填寫!$C:$DU,COLUMN(基本資料填寫!L4),0),"") | E6: =IFERROR(VLOOKUP(基本資料填寫!$C$1&"-"&ROW(AP3),基本資料填寫!$C:$DU,COLUMN(基本資料填寫!CN4),0),"") | F6: =IFERROR(VLOOKUP(基本資料填寫!$C$1&"-"&ROW(I3),基本資料填寫!$C:$DU,COLUMN(基本資料填寫!Q4),0),"") | G6: =IFERROR(VLOOKUP(基本資料填寫!$C$1&"-"&ROW(L3),基本資料填寫!$C:$DU,COLUMN(基本資料填寫!T4),0),"") | H6: =IFERROR(VLOOKUP(基本資料填寫!$C$1&"-"&ROW(F3),基本資料填寫!$C:$DU,COLUMN(基本資料填寫!N4),0),"") | I6: =IFERROR(VLOOKUP(基本資料填寫!$C$1&"-"&ROW(G3),基本資料填寫!$C:$DU,COLUMN(基本資料填寫!O4),0),"") | J6: =IFERROR(VLOOKUP(基本資料填寫!$C$1&"-"&ROW(E3),基本資料填寫!$C:$DU,COLUMN(基本資料填寫!M4),0),"") | K6: =IFERROR(VLOOKUP(基本資料填寫!$C$1&"-"&ROW(X3),基本資料填寫!$C:$DU,COLUMN(基本資料填寫!AF4),0),"") | L6: =IFERROR(VLOOKUP(基本資料填寫!$C$1&"-"&ROW(AW3),基本資料填寫!$C:$DU,COLUMN(基本資料填寫!CU4),0),"") | M6: =IFERROR(VLOOKUP(基本資料填寫!$C$1&"-"&ROW(AU3),基本資料填寫!$C:$DU,COLUMN(基本資料填寫!CS4),0),"") | N6: =IFERROR(VLOOKUP(基本資料填寫!$C$1&"-"&ROW(AV3),基本資料填寫!$C:$DU,COLUMN(基本資料填寫!CT4),0),"") | O6: =IFERROR(VLOOKUP(基本資料填寫!$C$1&"-"&ROW(N3),基本資料填寫!$C:$DU,COLUMN(基本資料填寫!V4),0),"") | P6: =IFERROR(VLOOKUP(基本資料填寫!$C$1&"-"&ROW(AT3),基本資料填寫!$C:$DU,COLUMN(基本資料填寫!CR4),0),"") | Q6: =IFERROR(VLOOKUP(基本資料填寫!$C$1&"-"&ROW(AQ3),基本資料填寫!$C:$DU,COLUMN(基本資料填寫!CO4),0),"") | R6: =IFERROR(VLOOKUP(基本資料填寫!$C$1&"-"&ROW(Y3),基本資料填寫!$C:$DU,COLUMN(基本資料填寫!AG4),0),"") | S6: =IFERROR(VLOOKUP(基本資料填寫!$C$1&"-"&ROW(Z3),基本資料填寫!$C:$DU,COLUMN(基本資料填寫!AH4),0),"") | AB6: =IFERROR(VLOOKUP(基本資料填寫!$C$1&"-"&ROW(BL3),基本資料填寫!$C:$DU,COLUMN(基本資料填寫!DK4),0),"") | BG6: =IFERROR(VLOOKUP(基本資料填寫!$C$1&"-"&ROW(E3),基本資料填寫!$C:$DU,COLUMN(基本資料填寫!M4),0),"") | BU6: =IFERROR(VLOOKUP(基本資料填寫!$C$1&"-"&ROW(O3),基本資料填寫!$C:$DU,COLUMN(基本資料填寫!W4),0),"") | BV6: =IFERROR(VLOOKUP(基本資料填寫!$C$1&"-"&ROW(AA3),基本資料填寫!$C:$DU,COLUMN(基本資料填寫!AI4),0),"")
B7: =IF(I7="","",COUNTA($I$4:I7)) | C7: =IFERROR(VLOOKUP(基本資料填寫!$C$1&"-"&ROW(X4),基本資料填寫!$C:$DU,COLUMN(基本資料填寫!BV5),0),"") | D7: =IFERROR(VLOOKUP(基本資料填寫!$C$1&"-"&ROW(D4),基本資料填寫!$C:$DU,COLUMN(基本資料填寫!L5),0),"") | E7: =IFERROR(VLOOKUP(基本資料填寫!$C$1&"-"&ROW(AP4),基本資料填寫!$C:$DU,COLUMN(基本資料填寫!CN5),0),"") | F7: =IFERROR(VLOOKUP(基本資料填寫!$C$1&"-"&ROW(I4),基本資料填寫!$C:$DU,COLUMN(基本資料填寫!Q5),0),"") | G7: =IFERROR(VLOOKUP(基本資料填寫!$C$1&"-"&ROW(L4),基本資料填寫!$C:$DU,COLUMN(基本資料填寫!T5),0),"") | H7: =IFERROR(VLOOKUP(基本資料填寫!$C$1&"-"&ROW(F4),基本資料填寫!$C:$DU,COLUMN(基本資料填寫!N5),0),"") | I7: =IFERROR(VLOOKUP(基本資料填寫!$C$1&"-"&ROW(G4),基本資料填寫!$C:$DU,COLUMN(基本資料填寫!O5),0),"") | J7: =IFERROR(VLOOKUP(基本資料填寫!$C$1&"-"&ROW(E4),基本資料填寫!$C:$DU,COLUMN(基本資料填寫!M5),0),"") | K7: =IFERROR(VLOOKUP(基本資料填寫!$C$1&"-"&ROW(X4),基本資料填寫!$C:$DU,COLUMN(基本資料填寫!AF5),0),"") | L7: =IFERROR(VLOOKUP(基本資料填寫!$C$1&"-"&ROW(AW4),基本資料填寫!$C:$DU,COLUMN(基本資料填寫!CU5),0),"") | M7: =IFERROR(VLOOKUP(基本資料填寫!$C$1&"-"&ROW(AU4),基本資料填寫!$C:$DU,COLUMN(基本資料填寫!CS5),0),"") | N7: =IFERROR(VLOOKUP(基本資料填寫!$C$1&"-"&ROW(AV4),基本資料填寫!$C:$DU,COLUMN(基本資料填寫!CT5),0),"") | O7: =IFERROR(VLOOKUP(基本資料填寫!$C$1&"-"&ROW(N4),基本資料填寫!$C:$DU,COLUMN(基本資料填寫!V5),0),"") | P7: =IFERROR(VLOOKUP(基本資料填寫!$C$1&"-"&ROW(AT4),基本資料填寫!$C:$DU,COLUMN(基本資料填寫!CR5),0),"") | Q7: =IFERROR(VLOOKUP(基本資料填寫!$C$1&"-"&ROW(AQ4),基本資料填寫!$C:$DU,COLUMN(基本資料填寫!CO5),0),"") | R7: =IFERROR(VLOOKUP(基本資料填寫!$C$1&"-"&ROW(Y4),基本資料填寫!$C:$DU,COLUMN(基本資料填寫!AG5),0),"") | S7: =IFERROR(VLOOKUP(基本資料填寫!$C$1&"-"&ROW(Z4),基本資料填寫!$C:$DU,COLUMN(基本資料填寫!AH5),0),"") | AB7: =IFERROR(VLOOKUP(基本資料填寫!$C$1&"-"&ROW(BL4),基本資料填寫!$C:$DU,COLUMN(基本資料填寫!DK5),0),"") | BG7: =IFERROR(VLOOKUP(基本資料填寫!$C$1&"-"&ROW(E4),基本資料填寫!$C:$DU,COLUMN(基本資料填寫!M5),0),"") | BU7: =IFERROR(VLOOKUP(基本資料填寫!$C$1&"-"&ROW(O4),基本資料填寫!$C:$DU,COLUMN(基本資料填寫!W5),0),"") | BV7: =IFERROR(VLOOKUP(基本資料填寫!$C$1&"-"&ROW(AA4),基本資料填寫!$C:$DU,COLUMN(基本資料填寫!AI5),0),"")
B8: =IF(I8="","",COUNTA($I$4:I8)) | C8: =IFERROR(VLOOKUP(基本資料填寫!$C$1&"-"&ROW(X5),基本資料填寫!$C:$DU,COLUMN(基本資料填寫!BV6),0),"") | D8: =IFERROR(VLOOKUP(基本資料填寫!$C$1&"-"&ROW(D5),基本資料填寫!$C:$DU,COLUMN(基本資料填寫!L6),0),"") | E8: =IFERROR(VLOOKUP(基本資料填寫!$C$1&"-"&ROW(AP5),基本資料填寫!$C:$DU,COLUMN(基本資料填寫!CN6),0),"") | F8: =IFERROR(VLOOKUP(基本資料填寫!$C$1&"-"&ROW(I5),基本資料填寫!$C:$DU,COLUMN(基本資料填寫!Q6),0),"") | G8: =IFERROR(VLOOKUP(基本資料填寫!$C$1&"-"&ROW(L5),基本資料填寫!$C:$DU,COLUMN(基本資料填寫!T6),0),"") | H8: =IFERROR(VLOOKUP(基本資料填寫!$C$1&"-"&ROW(F5),基本資料填寫!$C:$DU,COLUMN(基本資料填寫!N6),0),"") | I8: =IFERROR(VLOOKUP(基本資料填寫!$C$1&"-"&ROW(G5),基本資料填寫!$C:$DU,COLUMN(基本資料填寫!O6),0),"") | J8: =IFERROR(VLOOKUP(基本資料填寫!$C$1&"-"&ROW(E5),基本資料填寫!$C:$DU,COLUMN(基本資料填寫!M6),0),"") | K8: =IFERROR(VLOOKUP(基本資料填寫!$C$1&"-"&ROW(X5),基本資料填寫!$C:$DU,COLUMN(基本資料填寫!AF6),0),"") | L8: =IFERROR(VLOOKUP(基本資料填寫!$C$1&"-"&ROW(AW5),基本資料填寫!$C:$DU,COLUMN(基本資料填寫!CU6),0),"") | M8: =IFERROR(VLOOKUP(基本資料填寫!$C$1&"-"&ROW(AU5),基本資料填寫!$C:$DU,COLUMN(基本資料填寫!CS6),0),"") | N8: =IFERROR(VLOOKUP(基本資料填寫!$C$1&"-"&ROW(AV5),基本資料填寫!$C:$DU,COLUMN(基本資料填寫!CT6),0),"") | O8: =IFERROR(VLOOKUP(基本資料填寫!$C$1&"-"&ROW(N5),基本資料填寫!$C:$DU,COLUMN(基本資料填寫!V6),0),"") | P8: =IFERROR(VLOOKUP(基本資料填寫!$C$1&"-"&ROW(AT5),基本資料填寫!$C:$DU,COLUMN(基本資料填寫!CR6),0),"") | Q8: =IFERROR(VLOOKUP(基本資料填寫!$C$1&"-"&ROW(AQ5),基本資料填寫!$C:$DU,COLUMN(基本資料填寫!CO6),0),"") | R8: =IFERROR(VLOOKUP(基本資料填寫!$C$1&"-"&ROW(Y5),基本資料填寫!$C:$DU,COLUMN(基本資料填寫!AG6),0),"") | S8: =IFERROR(VLOOKUP(基本資料填寫!$C$1&"-"&ROW(Z5),基本資料填寫!$C:$DU,COLUMN(基本資料填寫!AH6),0),"") | AB8: =IFERROR(VLOOKUP(基本資料填寫!$C$1&"-"&ROW(BL5),基本資料填寫!$C:$DU,COLUMN(基本資料填寫!DK6),0),"") | BG8: =IFERROR(VLOOKUP(基本資料填寫!$C$1&"-"&ROW(E5),基本資料填寫!$C:$DU,COLUMN(基本資料填寫!M6),0),"") | BU8: =IFERROR(VLOOKUP(基本資料填寫!$C$1&"-"&ROW(O5),基本資料填寫!$C:$DU,COLUMN(基本資料填寫!W6),0),"") | BV8: =IFERROR(VLOOKUP(基本資料填寫!$C$1&"-"&ROW(AA5),基本資料填寫!$C:$DU,COLUMN(基本資料填寫!AI6),0),"")
B9: =IF(I9="","",COUNTA($I$4:I9)) | C9: =IFERROR(VLOOKUP(基本資料填寫!$C$1&"-"&ROW(X6),基本資料填寫!$C:$DU,COLUMN(基本資料填寫!BV7),0),"") | D9: =IFERROR(VLOOKUP(基本資料填寫!$C$1&"-"&ROW(D6),基本資料填寫!$C:$DU,COLUMN(基本資料填寫!L7),0),"") | E9: =IFERROR(VLOOKUP(基本資料填寫!$C$1&"-"&ROW(AP6),基本資料填寫!$C:$DU,COLUMN(基本資料填寫!CN7),0),"") | F9: =IFERROR(VLOOKUP(基本資料填寫!$C$1&"-"&ROW(I6),基本資料填寫!$C:$DU,COLUMN(基本資料填寫!Q7),0),"") | G9: =IFERROR(VLOOKUP(基本資料填寫!$C$1&"-"&ROW(L6),基本資料填寫!$C:$DU,COLUMN(基本資料填寫!T7),0),"") | H9: =IFERROR(VLOOKUP(基本資料填寫!$C$1&"-"&ROW(F6),基本資料填寫!$C:$DU,COLUMN(基本資料填寫!N7),0),"") | I9: =IFERROR(VLOOKUP(基本資料填寫!$C$1&"-"&ROW(G6),基本資料填寫!$C:$DU,COLUMN(基本資料填寫!O7),0),"") | J9: =IFERROR(VLOOKUP(基本資料填寫!$C$1&"-"&ROW(E6),基本資料填寫!$C:$DU,COLUMN(基本資料填寫!M7),0),"") | K9: =IFERROR(VLOOKUP(基本資料填寫!$C$1&"-"&ROW(X6),基本資料填寫!$C:$DU,COLUMN(基本資料填寫!AF7),0),"") | L9: =IFERROR(VLOOKUP(基本資料填寫!$C$1&"-"&ROW(AW6),基本資料填寫!$C:$DU,COLUMN(基本資料填寫!CU7),0),"") | M9: =IFERROR(VLOOKUP(基本資料填寫!$C$1&"-"&ROW(AU6),基本資料填寫!$C:$DU,COLUMN(基本資料填寫!CS7),0),"") | N9: =IFERROR(VLOOKUP(基本資料填寫!$C$1&"-"&ROW(AV6),基本資料填寫!$C:$DU,COLUMN(基本資料填寫!CT7),0),"") | O9: =IFERROR(VLOOKUP(基本資料填寫!$C$1&"-"&ROW(N6),基本資料填寫!$C:$DU,COLUMN(基本資料填寫!V7),0),"") | P9: =IFERROR(VLOOKUP(基本資料填寫!$C$1&"-"&ROW(AT6),基本資料填寫!$C:$DU,COLUMN(基本資料填寫!CR7),0),"") | Q9: =IFERROR(VLOOKUP(基本資料填寫!$C$1&"-"&ROW(AQ6),基本資料填寫!$C:$DU,COLUMN(基本資料填寫!CO7),0),"") | R9: =IFERROR(VLOOKUP(基本資料填寫!$C$1&"-"&ROW(Y6),基本資料填寫!$C:$DU,COLUMN(基本資料填寫!AG7),0),"") | S9: =IFERROR(VLOOKUP(基本資料填寫!$C$1&"-"&ROW(Z6),基本資料填寫!$C:$DU,COLUMN(基本資料填寫!AH7),0),"") | AB9: =IFERROR(VLOOKUP(基本資料填寫!$C$1&"-"&ROW(BL6),基本資料填寫!$C:$DU,COLUMN(基本資料填寫!DK7),0),"") | BG9: =IFERROR(VLOOKUP(基本資料填寫!$C$1&"-"&ROW(E6),基本資料填寫!$C:$DU,COLUMN(基本資料填寫!M7),0),"") | BU9: =IFERROR(VLOOKUP(基本資料填寫!$C$1&"-"&ROW(O6),基本資料填寫!$C:$DU,COLUMN(基本資料填寫!W7),0),"") | BV9: =IFERROR(VLOOKUP(基本資料填寫!$C$1&"-"&ROW(AA6),基本資料填寫!$C:$DU,COLUMN(基本資料填寫!AI7),0),"")
B10: =IF(I10="","",COUNTA($I$4:I10)) | C10: =IFERROR(VLOOKUP(基本資料填寫!$C$1&"-"&ROW(X7),基本資料填寫!$C:$DU,COLUMN(基本資料填寫!BV8),0),"") | D10: =IFERROR(VLOOKUP(基本資料填寫!$C$1&"-"&ROW(D7),基本資料填寫!$C:$DU,COLUMN(基本資料填寫!L8),0),"") | E10: =IFERROR(VLOOKUP(基本資料填寫!$C$1&"-"&ROW(AP7),基本資料填寫!$C:$DU,COLUMN(基本資料填寫!CN8),0),"") | F10: =IFERROR(VLOOKUP(基本資料填寫!$C$1&"-"&ROW(I7),基本資料填寫!$C:$DU,COLUMN(基本資料填寫!Q8),0),"") | G10: =IFERROR(VLOOKUP(基本資料填寫!$C$1&"-"&ROW(L7),基本資料填寫!$C:$DU,COLUMN(基本資料填寫!T8),0),"") | H10: =IFERROR(VLOOKUP(基本資料填寫!$C$1&"-"&ROW(F7),基本資料填寫!$C:$DU,COLUMN(基本資料填寫!N8),0),"") | I10: =IFERROR(VLOOKUP(基本資料填寫!$C$1&"-"&ROW(G7),基本資料填寫!$C:$DU,COLUMN(基本資料填寫!O8),0),"") | J10: =IFERROR(VLOOKUP(基本資料填寫!$C$1&"-"&ROW(E7),基本資料填寫!$C:$DU,COLUMN(基本資料填寫!M8),0),"") | K10: =IFERROR(VLOOKUP(基本資料填寫!$C$1&"-"&ROW(X7),基本資料填寫!$C:$DU,COLUMN(基本資料填寫!AF8),0),"") | L10: =IFERROR(VLOOKUP(基本資料填寫!$C$1&"-"&ROW(AW7),基本資料填寫!$C:$DU,COLUMN(基本資料填寫!CU8),0),"") | M10: =IFERROR(VLOOKUP(基本資料填寫!$C$1&"-"&ROW(AU7),基本資料填寫!$C:$DU,COLUMN(基本資料填寫!CS8),0),"") | N10: =IFERROR(VLOOKUP(基本資料填寫!$C$1&"-"&ROW(AV7),基本資料填寫!$C:$DU,COLUMN(基本資料填寫!CT8),0),"") | O10: =IFERROR(VLOOKUP(基本資料填寫!$C$1&"-"&ROW(N7),基本資料填寫!$C:$DU,COLUMN(基本資料填寫!V8),0),"") | P10: =IFERROR(VLOOKUP(基本資料填寫!$C$1&"-"&ROW(AT7),基本資料填寫!$C:$DU,COLUMN(基本資料填寫!CR8),0),"") | Q10: =IFERROR(VLOOKUP(基本資料填寫!$C$1&"-"&ROW(AQ7),基本資料填寫!$C:$DU,COLUMN(基本資料填寫!CO8),0),"") | R10: =IFERROR(VLOOKUP(基本資料填寫!$C$1&"-"&ROW(Y7),基本資料填寫!$C:$DU,COLUMN(基本資料填寫!AG8),0),"") | S10: =IFERROR(VLOOKUP(基本資料填寫!$C$1&"-"&ROW(Z7),基本資料填寫!$C:$DU,COLUMN(基本資料填寫!AH8),0),"") | AB10: =IFERROR(VLOOKUP(基本資料填寫!$C$1&"-"&ROW(BL7),基本資料填寫!$C:$DU,COLUMN(基本資料填寫!DK8),0),"") | BG10: =IFERROR(VLOOKUP(基本資料填寫!$C$1&"-"&ROW(E7),基本資料填寫!$C:$DU,COLUMN(基本資料填寫!M8),0),"") | BU10: =IFERROR(VLOOKUP(基本資料填寫!$C$1&"-"&ROW(O7),基本資料填寫!$C:$DU,COLUMN(基本資料填寫!W8),0),"") | BV10: =IFERROR(VLOOKUP(基本資料填寫!$C$1&"-"&ROW(AA7),基本資料填寫!$C:$DU,COLUMN(基本資料填寫!AI8),0),"")
B11: =IF(I11="","",COUNTA($I$4:I11)) | C11: =IFERROR(VLOOKUP(基本資料填寫!$C$1&"-"&ROW(X8),基本資料填寫!$C:$DU,COLUMN(基本資料填寫!BV9),0),"") | D11: =IFERROR(VLOOKUP(基本資料填寫!$C$1&"-"&ROW(D8),基本資料填寫!$C:$DU,COLUMN(基本資料填寫!L9),0),"") | E11: =IFERROR(VLOOKUP(基本資料填寫!$C$1&"-"&ROW(AP8),基本資料填寫!$C:$DU,COLUMN(基本資料填寫!CN9),0),"") | F11: =IFERROR(VLOOKUP(基本資料填寫!$C$1&"-"&ROW(I8),基本資料填寫!$C:$DU,COLUMN(基本資料填寫!Q9),0),"") | G11: =IFERROR(VLOOKUP(基本資料填寫!$C$1&"-"&ROW(L8),基本資料填寫!$C:$DU,COLUMN(基本資料填寫!T9),0),"") | H11: =IFERROR(VLOOKUP(基本資料填寫!$C$1&"-"&ROW(F8),基本資料填寫!$C:$DU,COLUMN(基本資料填寫!N9),0),"") | I11: =IFERROR(VLOOKUP(基本資料填寫!$C$1&"-"&ROW(G8),基本資料填寫!$C:$DU,COLUMN(基本資料填寫!O9),0),"") | J11: =IFERROR(VLOOKUP(基本資料填寫!$C$1&"-"&ROW(E8),基本資料填寫!$C:$DU,COLUMN(基本資料填寫!M9),0),"") | K11: =IFERROR(VLOOKUP(基本資料填寫!$C$1&"-"&ROW(X8),基本資料填寫!$C:$DU,COLUMN(基本資料填寫!AF9),0),"") | L11: =IFERROR(VLOOKUP(基本資料填寫!$C$1&"-"&ROW(AW8),基本資料填寫!$C:$DU,COLUMN(基本資料填寫!CU9),0),"") | M11: =IFERROR(VLOOKUP(基本資料填寫!$C$1&"-"&ROW(AU8),基本資料填寫!$C:$DU,COLUMN(基本資料填寫!CS9),0),"") | N11: =IFERROR(VLOOKUP(基本資料填寫!$C$1&"-"&ROW(AV8),基本資料填寫!$C:$DU,COLUMN(基本資料填寫!CT9),0),"") | O11: =IFERROR(VLOOKUP(基本資料填寫!$C$1&"-"&ROW(N8),基本資料填寫!$C:$DU,COLUMN(基本資料填寫!V9),0),"") | P11: =IFERROR(VLOOKUP(基本資料填寫!$C$1&"-"&ROW(AT8),基本資料填寫!$C:$DU,COLUMN(基本資料填寫!CR9),0),"") | Q11: =IFERROR(VLOOKUP(基本資料填寫!$C$1&"-"&ROW(AQ8),基本資料填寫!$C:$DU,COLUMN(基本資料填寫!CO9),0),"") | R11: =IFERROR(VLOOKUP(基本資料填寫!$C$1&"-"&ROW(Y8),基本資料填寫!$C:$DU,COLUMN(基本資料填寫!AG9),0),"") | S11: =IFERROR(VLOOKUP(基本資料填寫!$C$1&"-"&ROW(Z8),基本資料填寫!$C:$DU,COLUMN(基本資料填寫!AH9),0),"") | AB11: =IFERROR(VLOOKUP(基本資料填寫!$C$1&"-"&ROW(BL8),基本資料填寫!$C:$DU,COLUMN(基本資料填寫!DK9),0),"") | BG11: =IFERROR(VLOOKUP(基本資料填寫!$C$1&"-"&ROW(E8),基本資料填寫!$C:$DU,COLUMN(基本資料填寫!M9),0),"") | BU11: =IFERROR(VLOOKUP(基本資料填寫!$C$1&"-"&ROW(O8),基本資料填寫!$C:$DU,COLUMN(基本資料填寫!W9),0),"") | BV11: =IFERROR(VLOOKUP(基本資料填寫!$C$1&"-"&ROW(AA8),基本資料填寫!$C:$DU,COLUMN(基本資料填寫!AI9),0),"")
B12: =IF(I12="","",COUNTA($I$4:I12)) | C12: =IFERROR(VLOOKUP(基本資料填寫!$C$1&"-"&ROW(X9),基本資料填寫!$C:$DU,COLUMN(基本資料填寫!BV10),0),"") | D12: =IFERROR(VLOOKUP(基本資料填寫!$C$1&"-"&ROW(D9),基本資料填寫!$C:$DU,COLUMN(基本資料填寫!L10),0),"") | E12: =IFERROR(VLOOKUP(基本資料填寫!$C$1&"-"&ROW(AP9),基本資料填寫!$C:$DU,COLUMN(基本資料填寫!CN10),0),"") | F12: =IFERROR(VLOOKUP(基本資料填寫!$C$1&"-"&ROW(I9),基本資料填寫!$C:$DU,COLUMN(基本資料填寫!Q10),0),"") | G12: =IFERROR(VLOOKUP(基本資料填寫!$C$1&"-"&ROW(L9),基本資料填寫!$C:$DU,COLUMN(基本資料填寫!T10),0),"") | H12: =IFERROR(VLOOKUP(基本資料填寫!$C$1&"-"&ROW(F9),基本資料填寫!$C:$DU,COLUMN(基本資料填寫!N10),0),"") | I12: =IFERROR(VLOOKUP(基本資料填寫!$C$1&"-"&ROW(G9),基本資料填寫!$C:$DU,COLUMN(基本資料填寫!O10),0),"") | J12: =IFERROR(VLOOKUP(基本資料填寫!$C$1&"-"&ROW(E9),基本資料填寫!$C:$DU,COLUMN(基本資料填寫!M10),0),"") | K12: =IFERROR(VLOOKUP(基本資料填寫!$C$1&"-"&ROW(X9),基本資料填寫!$C:$DU,COLUMN(基本資料填寫!AF10),0),"") | L12: =IFERROR(VLOOKUP(基本資料填寫!$C$1&"-"&ROW(AW9),基本資料填寫!$C:$DU,COLUMN(基本資料填寫!CU10),0),"") | M12: =IFERROR(VLOOKUP(基本資料填寫!$C$1&"-"&ROW(AU9),基本資料填寫!$C:$DU,COLUMN(基本資料填寫!CS10),0),"") | N12: =IFERROR(VLOOKUP(基本資料填寫!$C$1&"-"&ROW(AV9),基本資料填寫!$C:$DU,COLUMN(基本資料填寫!CT10),0),"") | O12: =IFERROR(VLOOKUP(基本資料填寫!$C$1&"-"&ROW(N9),基本資料填寫!$C:$DU,COLUMN(基本資料填寫!V10),0),"") | P12: =IFERROR(VLOOKUP(基本資料填寫!$C$1&"-"&ROW(AT9),基本資料填寫!$C:$DU,COLUMN(基本資料填寫!CR10),0),"") | Q12: =IFERROR(VLOOKUP(基本資料填寫!$C$1&"-"&ROW(AQ9),基本資料填寫!$C:$DU,COLUMN(基本資料填寫!CO10),0),"") | R12: =IFERROR(VLOOKUP(基本資料填寫!$C$1&"-"&ROW(Y9),基本資料填寫!$C:$DU,COLUMN(基本資料填寫!AG10),0),"") | S12: =IFERROR(VLOOKUP(基本資料填寫!$C$1&"-"&ROW(Z9),基本資料填寫!$C:$DU,COLUMN(基本資料填寫!AH10),0),"") | AB12: =IFERROR(VLOOKUP(基本資料填寫!$C$1&"-"&ROW(BL9),基本資料填寫!$C:$DU,COLUMN(基本資料填寫!DK10),0),"") | BG12: =IFERROR(VLOOKUP(基本資料填寫!$C$1&"-"&ROW(E9),基本資料填寫!$C:$DU,COLUMN(基本資料填寫!M10),0),"") | BU12: =IFERROR(VLOOKUP(基本資料填寫!$C$1&"-"&ROW(O9),基本資料填寫!$C:$DU,COLUMN(基本資料填寫!W10),0),"") | BV12: =IFERROR(VLOOKUP(基本資料填寫!$C$1&"-"&ROW(AA9),基本資料填寫!$C:$DU,COLUMN(基本資料填寫!AI10),0),"")
B13: =IF(I13="","",COUNTA($I$4:I13)) | C13: =IFERROR(VLOOKUP(基本資料填寫!$C$1&"-"&ROW(X10),基本資料填寫!$C:$DU,COLUMN(基本資料填寫!BV11),0),"") | D13: =IFERROR(VLOOKUP(基本資料填寫!$C$1&"-"&ROW(D10),基本資料填寫!$C:$DU,COLUMN(基本資料填寫!L11),0),"") | E13: =IFERROR(VLOOKUP(基本資料填寫!$C$1&"-"&ROW(AP10),基本資料填寫!$C:$DU,COLUMN(基本資料填寫!CN11),0),"") | F13: =IFERROR(VLOOKUP(基本資料填寫!$C$1&"-"&ROW(I10),基本資料填寫!$C:$DU,COLUMN(基本資料填寫!Q11),0),"") | G13: =IFERROR(VLOOKUP(基本資料填寫!$C$1&"-"&ROW(L10),基本資料填寫!$C:$DU,COLUMN(基本資料填寫!T11),0),"") | H13: =IFERROR(VLOOKUP(基本資料填寫!$C$1&"-"&ROW(F10),基本資料填寫!$C:$DU,COLUMN(基本資料填寫!N11),0),"") | I13: =IFERROR(VLOOKUP(基本資料填寫!$C$1&"-"&ROW(G10),基本資料填寫!$C:$DU,COLUMN(基本資料填寫!O11),0),"") | J13: =IFERROR(VLOOKUP(基本資料填寫!$C$1&"-"&ROW(E10),基本資料填寫!$C:$DU,COLUMN(基本資料填寫!M11),0),"") | K13: =IFERROR(VLOOKUP(基本資料填寫!$C$1&"-"&ROW(X10),基本資料填寫!$C:$DU,COLUMN(基本資料填寫!AF11),0),"") | L13: =IFERROR(VLOOKUP(基本資料填寫!$C$1&"-"&ROW(AW10),基本資料填寫!$C:$DU,COLUMN(基本資料填寫!CU11),0),"") | M13: =IFERROR(VLOOKUP(基本資料填寫!$C$1&"-"&ROW(AU10),基本資料填寫!$C:$DU,COLUMN(基本資料填寫!CS11),0),"") | N13: =IFERROR(VLOOKUP(基本資料填寫!$C$1&"-"&ROW(AV10),基本資料填寫!$C:$DU,COLUMN(基本資料填寫!CT11),0),"") | O13: =IFERROR(VLOOKUP(基本資料填寫!$C$1&"-"&ROW(N10),基本資料填寫!$C:$DU,COLUMN(基本資料填寫!V11),0),"") | P13: =IFERROR(VLOOKUP(基本資料填寫!$C$1&"-"&ROW(AT10),基本資料填寫!$C:$DU,COLUMN(基本資料填寫!CR11),0),"") | Q13: =IFERROR(VLOOKUP(基本資料填寫!$C$1&"-"&ROW(AQ10),基本資料填寫!$C:$DU,COLUMN(基本資料填寫!CO11),0),"") | R13: =IFERROR(VLOOKUP(基本資料填寫!$C$1&"-"&ROW(Y10),基本資料填寫!$C:$DU,COLUMN(基本資料填寫!AG11),0),"") | S13: =IFERROR(VLOOKUP(基本資料填寫!$C$1&"-"&ROW(Z10),基本資料填寫!$C:$DU,COLUMN(基本資料填寫!AH11),0),"") | AB13: =IFERROR(VLOOKUP(基本資料填寫!$C$1&"-"&ROW(BL10),基本資料填寫!$C:$DU,COLUMN(基本資料填寫!DK11),0),"") | BG13: =IFERROR(VLOOKUP(基本資料填寫!$C$1&"-"&ROW(E10),基本資料填寫!$C:$DU,COLUMN(基本資料填寫!M11),0),"") | BU13: =IFERROR(VLOOKUP(基本資料填寫!$C$1&"-"&ROW(O10),基本資料填寫!$C:$DU,COLUMN(基本資料填寫!W11),0),"") | BV13: =IFERROR(VLOOKUP(基本資料填寫!$C$1&"-"&ROW(AA10),基本資料填寫!$C:$DU,COLUMN(基本資料填寫!AI11),0),"")
B14: =IF(I14="","",COUNTA($I$4:I14)) | C14: =IFERROR(VLOOKUP(基本資料填寫!$C$1&"-"&ROW(X11),基本資料填寫!$C:$DU,COLUMN(基本資料填寫!BV12),0),"") | D14: =IFERROR(VLOOKUP(基本資料填寫!$C$1&"-"&ROW(D11),基本資料填寫!$C:$DU,COLUMN(基本資料填寫!L12),0),"") | E14: =IFERROR(VLOOKUP(基本資料填寫!$C$1&"-"&ROW(AP11),基本資料填寫!$C:$DU,COLUMN(基本資料填寫!CN12),0),"") | F14: =IFERROR(VLOOKUP(基本資料填寫!$C$1&"-"&ROW(I11),基本資料填寫!$C:$DU,COLUMN(基本資料填寫!Q12),0),"") | G14: =IFERROR(VLOOKUP(基本資料填寫!$C$1&"-"&ROW(L11),基本資料填寫!$C:$DU,COLUMN(基本資料填寫!T12),0),"") | H14: =IFERROR(VLOOKUP(基本資料填寫!$C$1&"-"&ROW(F11),基本資料填寫!$C:$DU,COLUMN(基本資料填寫!N12),0),"") | I14: =IFERROR(VLOOKUP(基本資料填寫!$C$1&"-"&ROW(G11),基本資料填寫!$C:$DU,COLUMN(基本資料填寫!O12),0),"") | J14: =IFERROR(VLOOKUP(基本資料填寫!$C$1&"-"&ROW(E11),基本資料填寫!$C:$DU,COLUMN(基本資料填寫!M12),0),"") | K14: =IFERROR(VLOOKUP(基本資料填寫!$C$1&"-"&ROW(X11),基本資料填寫!$C:$DU,COLUMN(基本資料填寫!AF12),0),"") | L14: =IFERROR(VLOOKUP(基本資料填寫!$C$1&"-"&ROW(AW11),基本資料填寫!$C:$DU,COLUMN(基本資料填寫!CU12),0),"") | M14: =IFERROR(VLOOKUP(基本資料填寫!$C$1&"-"&ROW(AU11),基本資料填寫!$C:$DU,COLUMN(基本資料填寫!CS12),0),"") | N14: =IFERROR(VLOOKUP(基本資料填寫!$C$1&"-"&ROW(AV11),基本資料填寫!$C:$DU,COLUMN(基本資料填寫!CT12),0),"") | O14: =IFERROR(VLOOKUP(基本資料填寫!$C$1&"-"&ROW(N11),基本資料填寫!$C:$DU,COLUMN(基本資料填寫!V12),0),"") | P14: =IFERROR(VLOOKUP(基本資料填寫!$C$1&"-"&ROW(AT11),基本資料填寫!$C:$DU,COLUMN(基本資料填寫!CR12),0),"") | Q14: =IFERROR(VLOOKUP(基本資料填寫!$C$1&"-"&ROW(AQ11),基本資料填寫!$C:$DU,COLUMN(基本資料填寫!CO12),0),"") | R14: =IFERROR(VLOOKUP(基本資料填寫!$C$1&"-"&ROW(Y11),基本資料填寫!$C:$DU,COLUMN(基本資料填寫!AG12),0),"") | S14: =IFERROR(VLOOKUP(基本資料填寫!$C$1&"-"&ROW(Z11),基本資料填寫!$C:$DU,COLUMN(基本資料填寫!AH12),0),"") | AB14: =IFERROR(VLOOKUP(基本資料填寫!$C$1&"-"&ROW(BL11),基本資料填寫!$C:$DU,COLUMN(基本資料填寫!DK12),0),"") | BG14: =IFERROR(VLOOKUP(基本資料填寫!$C$1&"-"&ROW(E11),基本資料填寫!$C:$DU,COLUMN(基本資料填寫!M12),0),"") | BU14: =IFERROR(VLOOKUP(基本資料填寫!$C$1&"-"&ROW(O11),基本資料填寫!$C:$DU,COLUMN(基本資料填寫!W12),0),"") | BV14: =IFERROR(VLOOKUP(基本資料填寫!$C$1&"-"&ROW(AA11),基本資料填寫!$C:$DU,COLUMN(基本資料填寫!AI12),0),"")
B15: =IF(I15="","",COUNTA($I$4:I15)) | C15: =IFERROR(VLOOKUP(基本資料填寫!$C$1&"-"&ROW(X12),基本資料填寫!$C:$DU,COLUMN(基本資料填寫!BV13),0),"") | D15: =IFERROR(VLOOKUP(基本資料填寫!$C$1&"-"&ROW(D12),基本資料填寫!$C:$DU,COLUMN(基本資料填寫!L13),0),"") | E15: =IFERROR(VLOOKUP(基本資料填寫!$C$1&"-"&ROW(AP12),基本資料填寫!$C:$DU,COLUMN(基本資料填寫!CN13),0),"") | F15: =IFERROR(VLOOKUP(基本資料填寫!$C$1&"-"&ROW(I12),基本資料填寫!$C:$DU,COLUMN(基本資料填寫!Q13),0),"") | G15: =IFERROR(VLOOKUP(基本資料填寫!$C$1&"-"&ROW(L12),基本資料填寫!$C:$DU,COLUMN(基本資料填寫!T13),0),"") | H15: =IFERROR(VLOOKUP(基本資料填寫!$C$1&"-"&ROW(F12),基本資料填寫!$C:$DU,COLUMN(基本資料填寫!N13),0),"") | I15: =IFERROR(VLOOKUP(基本資料填寫!$C$1&"-"&ROW(G12),基本資料填寫!$C:$DU,COLUMN(基本資料填寫!O13),0),"") | J15: =IFERROR(VLOOKUP(基本資料填寫!$C$1&"-"&ROW(E12),基本資料填寫!$C:$DU,COLUMN(基本資料填寫!M13),0),"") | K15: =IFERROR(VLOOKUP(基本資料填寫!$C$1&"-"&ROW(X12),基本資料填寫!$C:$DU,COLUMN(基本資料填寫!AF13),0),"") | L15: =IFERROR(VLOOKUP(基本資料填寫!$C$1&"-"&ROW(AW12),基本資料填寫!$C:$DU,COLUMN(基本資料填寫!CU13),0),"") | M15: =IFERROR(VLOOKUP(基本資料填寫!$C$1&"-"&ROW(AU12),基本資料填寫!$C:$DU,COLUMN(基本資料填寫!CS13),0),"") | N15: =IFERROR(VLOOKUP(基本資料填寫!$C$1&"-"&ROW(AV12),基本資料填寫!$C:$DU,COLUMN(基本資料填寫!CT13),0),"") | O15: =IFERROR(VLOOKUP(基本資料填寫!$C$1&"-"&ROW(N12),基本資料填寫!$C:$DU,COLUMN(基本資料填寫!V13),0),"") | P15: =IFERROR(VLOOKUP(基本資料填寫!$C$1&"-"&ROW(AT12),基本資料填寫!$C:$DU,COLUMN(基本資料填寫!CR13),0),"") | Q15: =IFERROR(VLOOKUP(基本資料填寫!$C$1&"-"&ROW(AQ12),基本資料填寫!$C:$DU,COLUMN(基本資料填寫!CO13),0),"") | R15: =IFERROR(VLOOKUP(基本資料填寫!$C$1&"-"&ROW(Y12),基本資料填寫!$C:$DU,COLUMN(基本資料填寫!AG13),0),"") | S15: =IFERROR(VLOOKUP(基本資料填寫!$C$1&"-"&ROW(Z12),基本資料填寫!$C:$DU,COLUMN(基本資料填寫!AH13),0),"") | AB15: =IFERROR(VLOOKUP(基本資料填寫!$C$1&"-"&ROW(BL12),基本資料填寫!$C:$DU,COLUMN(基本資料填寫!DK13),0),"") | BG15: =IFERROR(VLOOKUP(基本資料填寫!$C$1&"-"&ROW(E12),基本資料填寫!$C:$DU,COLUMN(基本資料填寫!M13),0),"") | BU15: =IFERROR(VLOOKUP(基本資料填寫!$C$1&"-"&ROW(O12),基本資料填寫!$C:$DU,COLUMN(基本資料填寫!W13),0),"") | BV15: =IFERROR(VLOOKUP(基本資料填寫!$C$1&"-"&ROW(AA12),基本資料填寫!$C:$DU,COLUMN(基本資料填寫!AI13),0),"")
B16: =IF(I16="","",COUNTA($I$4:I16)) | C16: =IFERROR(VLOOKUP(基本資料填寫!$C$1&"-"&ROW(X13),基本資料填寫!$C:$DU,COLUMN(基本資料填寫!BV14),0),"") | D16: =IFERROR(VLOOKUP(基本資料填寫!$C$1&"-"&ROW(D13),基本資料填寫!$C:$DU,COLUMN(基本資料填寫!L14),0),"") | E16: =IFERROR(VLOOKUP(基本資料填寫!$C$1&"-"&ROW(AP13),基本資料填寫!$C:$DU,COLUMN(基本資料填寫!CN14),0),"") | F16: =IFERROR(VLOOKUP(基本資料填寫!$C$1&"-"&ROW(I13),基本資料填寫!$C:$DU,COLUMN(基本資料填寫!Q14),0),"") | G16: =IFERROR(VLOOKUP(基本資料填寫!$C$1&"-"&ROW(L13),基本資料填寫!$C:$DU,COLUMN(基本資料填寫!T14),0),"") | H16: =IFERROR(VLOOKUP(基本資料填寫!$C$1&"-"&ROW(F13),基本資料填寫!$C:$DU,COLUMN(基本資料填寫!N14),0),"") | I16: =IFERROR(VLOOKUP(基本資料填寫!$C$1&"-"&ROW(G13),基本資料填寫!$C:$DU,COLUMN(基本資料填寫!O14),0),"") | J16: =IFERROR(VLOOKUP(基本資料填寫!$C$1&"-"&ROW(E13),基本資料填寫!$C:$DU,COLUMN(基本資料填寫!M14),0),"") | K16: =IFERROR(VLOOKUP(基本資料填寫!$C$1&"-"&ROW(X13),基本資料填寫!$C:$DU,COLUMN(基本資料填寫!AF14),0),"") | L16: =IFERROR(VLOOKUP(基本資料填寫!$C$1&"-"&ROW(AW13),基本資料填寫!$C:$DU,COLUMN(基本資料填寫!CU14),0),"") | M16: =IFERROR(VLOOKUP(基本資料填寫!$C$1&"-"&ROW(AU13),基本資料填寫!$C:$DU,COLUMN(基本資料填寫!CS14),0),"") | N16: =IFERROR(VLOOKUP(基本資料填寫!$C$1&"-"&ROW(AV13),基本資料填寫!$C:$DU,COLUMN(基本資料填寫!CT14),0),"") | O16: =IFERROR(VLOOKUP(基本資料填寫!$C$1&"-"&ROW(N13),基本資料填寫!$C:$DU,COLUMN(基本資料填寫!V14),0),"") | P16: =IFERROR(VLOOKUP(基本資料填寫!$C$1&"-"&ROW(AT13),基本資料填寫!$C:$DU,COLUMN(基本資料填寫!CR14),0),"") | Q16: =IFERROR(VLOOKUP(基本資料填寫!$C$1&"-"&ROW(AQ13),基本資料填寫!$C:$DU,COLUMN(基本資料填寫!CO14),0),"") | R16: =IFERROR(VLOOKUP(基本資料填寫!$C$1&"-"&ROW(Y13),基本資料填寫!$C:$DU,COLUMN(基本資料填寫!AG14),0),"") | S16: =IFERROR(VLOOKUP(基本資料填寫!$C$1&"-"&ROW(Z13),基本資料填寫!$C:$DU,COLUMN(基本資料填寫!AH14),0),"") | AB16: =IFERROR(VLOOKUP(基本資料填寫!$C$1&"-"&ROW(BL13),基本資料填寫!$C:$DU,COLUMN(基本資料填寫!DK14),0),"") | BG16: =IFERROR(VLOOKUP(基本資料填寫!$C$1&"-"&ROW(E13),基本資料填寫!$C:$DU,COLUMN(基本資料填寫!M14),0),"") | BU16: =IFERROR(VLOOKUP(基本資料填寫!$C$1&"-"&ROW(O13),基本資料填寫!$C:$DU,COLUMN(基本資料填寫!W14),0),"") | BV16: =IFERROR(VLOOKUP(基本資料填寫!$C$1&"-"&ROW(AA13),基本資料填寫!$C:$DU,COLUMN(基本資料填寫!AI14),0),"")
... B102: =IF(I102="","",COUNTA($I$4:I102)) | C102: =IFERROR(VLOOKUP(基本資料填寫!$C$1&"-"&ROW(X99),基本資料填寫!$C:$DU,COLUMN(基本資料填寫!BV100),0),"") | D102: =IFERROR(VLOOKUP(基本資料填寫!$C$1&"-"&ROW(D99),基本資料填寫!$C:$DU,COLUMN(基本資料填寫!L100),0),"") | E102: =IFERROR(VLOOKUP(基本資料填寫!$C$1&"-"&ROW(AP99),基本資料填寫!$C:$DU,COLUMN(基本資料填寫!CN100),0),"") | F102: =IFERROR(VLOOKUP(基本資料填寫!$C$1&"-"&ROW(I99),基本資料填寫!$C:$DU,COLUMN(基本資料填寫!Q100),0),"") | G102: =IFERROR(VLOOKUP(基本資料填寫!$C$1&"-"&ROW(L99),基本資料填寫!$C:$DU,COLUMN(基本資料填寫!T100),0),"") | H102: =IFERROR(VLOOKUP(基本資料填寫!$C$1&"-"&ROW(F99),基本資料填寫!$C:$DU,COLUMN(基本資料填寫!N100),0),"") | I102: =IFERROR(VLOOKUP(基本資料填寫!$C$1&"-"&ROW(G99),基本資料填寫!$C:$DU,COLUMN(基本資料填寫!O100),0),"") | J102: =IFERROR(VLOOKUP(基本資料填寫!$C$1&"-"&ROW(E99),基本資料填寫!$C:$DU,COLUMN(基本資料填寫!M100),0),"") | K102: =IFERROR(VLOOKUP(基本資料填寫!$C$1&"-"&ROW(X99),基本資料填寫!$C:$DU,COLUMN(基本資料填寫!AF100),0),"") | L102: =IFERROR(VLOOKUP(基本資料填寫!$C$1&"-"&ROW(AW99),基本資料填寫!$C:$DU,COLUMN(基本資料填寫!CU100),0),"") | M102: =IFERROR(VLOOKUP(基本資料填寫!$C$1&"-"&ROW(AU99),基本資料填寫!$C:$DU,COLUMN(基本資料填寫!CS100),0),"") | N102: =IFERROR(VLOOKUP(基本資料填寫!$C$1&"-"&ROW(AV99),基本資料填寫!$C:$DU,COLUMN(基本資料填寫!CT100),0),"") | O102: =IFERROR(VLOOKUP(基本資料填寫!$C$1&"-"&ROW(N99),基本資料填寫!$C:$DU,COLUMN(基本資料填寫!V100),0),"") | P102: =IFERROR(VLOOKUP(基本資料填寫!$C$1&"-"&ROW(AT99),基本資料填寫!$C:$DU,COLUMN(基本資料填寫!CR100),0),"") | Q102: =IFERROR(VLOOKUP(基本資料填寫!$C$1&"-"&ROW(AQ99),基本資料填寫!$C:$DU,COLUMN(基本資料填寫!CO100),0),"") | R102: =IFERROR(VLOOKUP(基本資料填寫!$C$1&"-"&ROW(Y99),基本資料填寫!$C:$DU,COLUMN(基本資料填寫!AG100),0),"") | S102: =IFERROR(VLOOKUP(基本資料填寫!$C$1&"-"&ROW(Z99),基本資料填寫!$C:$DU,COLUMN(基本資料填寫!AH100),0),"") | AB102: =IFERROR(VLOOKUP(基本資料填寫!$C$1&"-"&ROW(BL99),基本資料填寫!$C:$DU,COLUMN(基本資料填寫!DK100),0),"") | BG102: =IFERROR(VLOOKUP(基本資料填寫!$C$1&"-"&ROW(E99),基本資料填寫!$C:$DU,COLUMN(基本資料填寫!M100),0),"") | BU102: =IFERROR(VLOOKUP(基本資料填寫!$C$1&"-"&ROW(O99),基本資料填寫!$C:$DU,COLUMN(基本資料填寫!W100),0),"") | BV102: =IFERROR(VLOOKUP(基本資料填寫!$C$1&"-"&ROW(AA99),基本資料填寫!$C:$DU,COLUMN(基本資料填寫!AI100),0),"")

Sheet 3M
A1: *異動方式 (N新增、C修改、D刪除) | B1: *項次 | C1: *單機識別碼 | D1: 組類別 | E1: 料號(品項識別號) | F1: *裝備英文名稱 | G1: *裝備中文名稱 | H1: 裝備識別編號 | I1: 國家料號 | J1: 供補管制單位代碼 | K1: PWSF紀錄狀況代碼 | L1: 子類別代碼 | M1: 廠商代碼 | N1: 主要裝備代號 | O1: 目錄代碼 | P1: 裝備維修等級代碼 | Q1: 技術碼認單位 | R1: 紀錄轉移PWSF日期 | S1: 後勤支援狀況代碼 | T1: 單機註解 | U1: 主導單機識別碼 | V1: 單機狀況代碼 | W1: 廠商來源代號 | X1: 機密等級代碼 | Y1: 技術識別代碼 | Z1: 軍事重要代碼 | AA1: EIC | AB1: 請勿改動本欄與本列！
A2: Class | B2: —— | C2: N00013 | D2: N05054 | E2: N05086 | F2: N00075 | G2: N00111 | H2: N00077 | I2: N00073 | J2: N00074 | K2: N00038 | L2: N00076 | M2: N00072 | N2: N00078 | O2: N00079 | P2: N00080 | Q2: N00083 | R2: N00070 | S2: N00116 | T2: N00117 | U2: N00118 | V2: N00119 | W2: N01438 | X2: N05043 | Y2: N05084 | Z2: N05795 | AA2: NN0001 | AB2: 請勿改動本欄與本列！
A3: MODIFY_TYPE | B3: IMPORT_ITEM_NUMBER | C3: CID | D3: FSC | E3: NIIN | F3: ITEM_NAME_ENG | G3: ITEM_NAME_CHT | H3: COMPONENT_IDENTIFY_NUMBER | I3: NCB_PART_NUMBER | J3: SUPPLY_CONTORL_UNIT_ID | K3: PWSF_STATUS_CODE | L3: SUBCATEGORY_ID | M3: CAGE_FIRM | N3: MAIN_COMPONENT_ID | O3: LIST_CODE | P3: MAINTENANCE_LEVEL_CODE | Q3: TECHNICAL_CONFIRM_UNIT | R3: PWSF_RECORD_TRANSFER_DATE | S3: LOGISTIC_SUPPORT_STATUS_CODE | T3: NOTE | U3: MASTER_CID | V3: COMPONENT_STATUS_CODE | W3: CAGE_SOURCE | X3: SEC | Y3: TECHNIQUE_IDENTIFY_CODE | Z3: MILITARY_VITAL_CODE | AA3: EIC | AB3: 請勿改動本欄與本列！
A4: N | B4: =IF(G4="","",COUNTA($G$4:G4)) -> 1 | C4: =IFERROR(VLOOKUP(基本資料填寫!$C$1&"-"&ROW(A1),基本資料填寫!$C:$DU,COLUMN(基本資料填寫!CN2),0),"") -> 27NYE0823 | D4: =IFERROR(VLOOKUP(基本資料填寫!$C$1&"-"&ROW(I1),基本資料填寫!$C:$DU,COLUMN(基本資料填寫!Q2),0),"") -> 5805 | E4: =IFERROR(VLOOKUP(基本資料填寫!$C$1&"-"&ROW(L1),基本資料填寫!$C:$DU,COLUMN(基本資料填寫!T2),0),"") -> YETL22090 | F4: =IFERROR(VLOOKUP(基本資料填寫!$C$1&"-"&ROW(F1),基本資料填寫!$C:$DU,COLUMN(基本資料填寫!N2),0),"") -> Acoustic Telephone System | G4: =IFERROR(VLOOKUP(基本資料填寫!$C$1&"-"&ROW(C1),基本資料填寫!$C:$DU,COLUMN(基本資料填寫!O2),0),"") -> 聲力電話系統 | H4: =IFERROR(VLOOKUP(基本資料填寫!$C$1&"-"&ROW(E1),基本資料填寫!$C:$DU,COLUMN(基本資料填寫!M2),0),"") -> TA-4CI | I4: =IFERROR(VLOOKUP(基本資料填寫!$C$1&"-"&ROW(M1),基本資料填寫!$C:$DU,COLUMN(基本資料填寫!U2),0),"") -> 5805YETL22090 | M4: =IFERROR(VLOOKUP(基本資料填寫!$C$1&"-"&ROW(AJ1),基本資料填寫!$C:$DU,COLUMN(基本資料填寫!CI2),0),"") -> 1973B | P4: =IFERROR(VLOOKUP(基本資料填寫!$C$1&"-"&ROW(AB1),基本資料填寫!$C:$DU,COLUMN(基本資料填寫!AJ2),0),"") -> O | W4: =IFERROR(VLOOKUP(基本資料填寫!$C$1&"-"&ROW(AI1),基本資料填寫!$C:$DU,COLUMN(基本資料填寫!CH2),0),"") -> A
B5: =IF(G5="","",COUNTA($G$4:G5)) | C5: =IFERROR(VLOOKUP(基本資料填寫!$C$1&"-"&ROW(A2),基本資料填寫!$C:$DU,COLUMN(基本資料填寫!CN3),0),"") | D5: =IFERROR(VLOOKUP(基本資料填寫!$C$1&"-"&ROW(I2),基本資料填寫!$C:$DU,COLUMN(基本資料填寫!Q3),0),"") | E5: =IFERROR(VLOOKUP(基本資料填寫!$C$1&"-"&ROW(L2),基本資料填寫!$C:$DU,COLUMN(基本資料填寫!T3),0),"") | F5: =IFERROR(VLOOKUP(基本資料填寫!$C$1&"-"&ROW(F2),基本資料填寫!$C:$DU,COLUMN(基本資料填寫!N3),0),"") | G5: =IFERROR(VLOOKUP(基本資料填寫!$C$1&"-"&ROW(C2),基本資料填寫!$C:$DU,COLUMN(基本資料填寫!O3),0),"") | H5: =IFERROR(VLOOKUP(基本資料填寫!$C$1&"-"&ROW(E2),基本資料填寫!$C:$DU,COLUMN(基本資料填寫!M3),0),"") | I5: =IFERROR(VLOOKUP(基本資料填寫!$C$1&"-"&ROW(M2),基本資料填寫!$C:$DU,COLUMN(基本資料填寫!U3),0),"") | M5: =IFERROR(VLOOKUP(基本資料填寫!$C$1&"-"&ROW(AJ2),基本資料填寫!$C:$DU,COLUMN(基本資料填寫!CI3),0),"") | P5: =IFERROR(VLOOKUP(基本資料填寫!$C$1&"-"&ROW(AB2),基本資料填寫!$C:$DU,COLUMN(基本資料填寫!AJ3),0),"") | W5: =IFERROR(VLOOKUP(基本資料填寫!$C$1&"-"&ROW(AI2),基本資料填寫!$C:$DU,COLUMN(基本資料填寫!CH3),0),"")
B6: =IF(G6="","",COUNTA($G$4:G6)) | C6: =IFERROR(VLOOKUP(基本資料填寫!$C$1&"-"&ROW(A3),基本資料填寫!$C:$DU,COLUMN(基本資料填寫!CN4),0),"") | D6: =IFERROR(VLOOKUP(基本資料填寫!$C$1&"-"&ROW(I3),基本資料填寫!$C:$DU,COLUMN(基本資料填寫!Q4),0),"") | E6: =IFERROR(VLOOKUP(基本資料填寫!$C$1&"-"&ROW(L3),基本資料填寫!$C:$DU,COLUMN(基本資料填寫!T4),0),"") | F6: =IFERROR(VLOOKUP(基本資料填寫!$C$1&"-"&ROW(F3),基本資料填寫!$C:$DU,COLUMN(基本資料填寫!N4),0),"") | G6: =IFERROR(VLOOKUP(基本資料填寫!$C$1&"-"&ROW(C3),基本資料填寫!$C:$DU,COLUMN(基本資料填寫!O4),0),"") | H6: =IFERROR(VLOOKUP(基本資料填寫!$C$1&"-"&ROW(E3),基本資料填寫!$C:$DU,COLUMN(基本資料填寫!M4),0),"") | I6: =IFERROR(VLOOKUP(基本資料填寫!$C$1&"-"&ROW(M3),基本資料填寫!$C:$DU,COLUMN(基本資料填寫!U4),0),"") | M6: =IFERROR(VLOOKUP(基本資料填寫!$C$1&"-"&ROW(AJ3),基本資料填寫!$C:$DU,COLUMN(基本資料填寫!CI4),0),"") | P6: =IFERROR(VLOOKUP(基本資料填寫!$C$1&"-"&ROW(AB3),基本資料填寫!$C:$DU,COLUMN(基本資料填寫!AJ4),0),"") | W6: =IFERROR(VLOOKUP(基本資料填寫!$C$1&"-"&ROW(AI3),基本資料填寫!$C:$DU,COLUMN(基本資料填寫!CH4),0),"")
B7: =IF(G7="","",COUNTA($G$4:G7)) | C7: =IFERROR(VLOOKUP(基本資料填寫!$C$1&"-"&ROW(A4),基本資料填寫!$C:$DU,COLUMN(基本資料填寫!CN5),0),"") | D7: =IFERROR(VLOOKUP(基本資料填寫!$C$1&"-"&ROW(#REF!),基本資料填寫!$C:$DU,COLUMN(基本資料填寫!Q5),0),"") | E7: =IFERROR(VLOOKUP(基本資料填寫!$C$1&"-"&ROW(L4),基本資料填寫!$C:$DU,COLUMN(基本資料填寫!T5),0),"") | F7: =IFERROR(VLOOKUP(基本資料填寫!$C$1&"-"&ROW(F4),基本資料填寫!$C:$DU,COLUMN(基本資料填寫!N5),0),"") | G7: =IFERROR(VLOOKUP(基本資料填寫!$C$1&"-"&ROW(C4),基本資料填寫!$C:$DU,COLUMN(基本資料填寫!O5),0),"") | H7: =IFERROR(VLOOKUP(基本資料填寫!$C$1&"-"&ROW(E4),基本資料填寫!$C:$DU,COLUMN(基本資料填寫!M5),0),"") | I7: =IFERROR(VLOOKUP(基本資料填寫!$C$1&"-"&ROW(M4),基本資料填寫!$C:$DU,COLUMN(基本資料填寫!U5),0),"") | M7: =IFERROR(VLOOKUP(基本資料填寫!$C$1&"-"&ROW(AJ4),基本資料填寫!$C:$DU,COLUMN(基本資料填寫!CI5),0),"") | P7: =IFERROR(VLOOKUP(基本資料填寫!$C$1&"-"&ROW(AB4),基本資料填寫!$C:$DU,COLUMN(基本資料填寫!AJ5),0),"") | W7: =IFERROR(VLOOKUP(基本資料填寫!$C$1&"-"&ROW(AI4),基本資料填寫!$C:$DU,COLUMN(基本資料填寫!CH5),0),"")
B8: =IF(G8="","",COUNTA($G$4:G8)) | C8: =IFERROR(VLOOKUP(基本資料填寫!$C$1&"-"&ROW(A5),基本資料填寫!$C:$DU,COLUMN(基本資料填寫!CN6),0),"") | D8: =IFERROR(VLOOKUP(基本資料填寫!$C$1&"-"&ROW(I5),基本資料填寫!$C:$DU,COLUMN(基本資料填寫!Q6),0),"") | E8: =IFERROR(VLOOKUP(基本資料填寫!$C$1&"-"&ROW(L5),基本資料填寫!$C:$DU,COLUMN(基本資料填寫!T6),0),"") | F8: =IFERROR(VLOOKUP(基本資料填寫!$C$1&"-"&ROW(F5),基本資料填寫!$C:$DU,COLUMN(基本資料填寫!N6),0),"") | G8: =IFERROR(VLOOKUP(基本資料填寫!$C$1&"-"&ROW(C5),基本資料填寫!$C:$DU,COLUMN(基本資料填寫!O6),0),"") | H8: =IFERROR(VLOOKUP(基本資料填寫!$C$1&"-"&ROW(E5),基本資料填寫!$C:$DU,COLUMN(基本資料填寫!M6),0),"") | I8: =IFERROR(VLOOKUP(基本資料填寫!$C$1&"-"&ROW(M5),基本資料填寫!$C:$DU,COLUMN(基本資料填寫!U6),0),"") | M8: =IFERROR(VLOOKUP(基本資料填寫!$C$1&"-"&ROW(AJ5),基本資料填寫!$C:$DU,COLUMN(基本資料填寫!CI6),0),"") | P8: =IFERROR(VLOOKUP(基本資料填寫!$C$1&"-"&ROW(AB5),基本資料填寫!$C:$DU,COLUMN(基本資料填寫!AJ6),0),"") | W8: =IFERROR(VLOOKUP(基本資料填寫!$C$1&"-"&ROW(AI5),基本資料填寫!$C:$DU,COLUMN(基本資料填寫!CH6),0),"")
B9: =IF(G9="","",COUNTA($G$4:G9)) | C9: =IFERROR(VLOOKUP(基本資料填寫!$C$1&"-"&ROW(A6),基本資料填寫!$C:$DU,COLUMN(基本資料填寫!CN7),0),"") | D9: =IFERROR(VLOOKUP(基本資料填寫!$C$1&"-"&ROW(I6),基本資料填寫!$C:$DU,COLUMN(基本資料填寫!Q7),0),"") | E9: =IFERROR(VLOOKUP(基本資料填寫!$C$1&"-"&ROW(L6),基本資料填寫!$C:$DU,COLUMN(基本資料填寫!T7),0),"") | F9: =IFERROR(VLOOKUP(基本資料填寫!$C$1&"-"&ROW(F6),基本資料填寫!$C:$DU,COLUMN(基本資料填寫!N7),0),"") | G9: =IFERROR(VLOOKUP(基本資料填寫!$C$1&"-"&ROW(C6),基本資料填寫!$C:$DU,COLUMN(基本資料填寫!O7),0),"") | H9: =IFERROR(VLOOKUP(基本資料填寫!$C$1&"-"&ROW(E6),基本資料填寫!$C:$DU,COLUMN(基本資料填寫!M7),0),"") | I9: =IFERROR(VLOOKUP(基本資料填寫!$C$1&"-"&ROW(M6),基本資料填寫!$C:$DU,COLUMN(基本資料填寫!U7),0),"") | M9: =IFERROR(VLOOKUP(基本資料填寫!$C$1&"-"&ROW(AJ6),基本資料填寫!$C:$DU,COLUMN(基本資料填寫!CI7),0),"") | P9: =IFERROR(VLOOKUP(基本資料填寫!$C$1&"-"&ROW(AB6),基本資料填寫!$C:$DU,COLUMN(基本資料填寫!AJ7),0),"") | W9: =IFERROR(VLOOKUP(基本資料填寫!$C$1&"-"&ROW(AI6),基本資料填寫!$C:$DU,COLUMN(基本資料填寫!CH7),0),"")
B10: =IF(G10="","",COUNTA($G$4:G10)) | C10: =IFERROR(VLOOKUP(基本資料填寫!$C$1&"-"&ROW(A7),基本資料填寫!$C:$DU,COLUMN(基本資料填寫!CN8),0),"") | D10: =IFERROR(VLOOKUP(基本資料填寫!$C$1&"-"&ROW(I7),基本資料填寫!$C:$DU,COLUMN(基本資料填寫!Q8),0),"") | E10: =IFERROR(VLOOKUP(基本資料填寫!$C$1&"-"&ROW(L7),基本資料填寫!$C:$DU,COLUMN(基本資料填寫!T8),0),"") | F10: =IFERROR(VLOOKUP(基本資料填寫!$C$1&"-"&ROW(F7),基本資料填寫!$C:$DU,COLUMN(基本資料填寫!N8),0),"") | G10: =IFERROR(VLOOKUP(基本資料填寫!$C$1&"-"&ROW(C7),基本資料填寫!$C:$DU,COLUMN(基本資料填寫!O8),0),"") | H10: =IFERROR(VLOOKUP(基本資料填寫!$C$1&"-"&ROW(E7),基本資料填寫!$C:$DU,COLUMN(基本資料填寫!M8),0),"") | I10: =IFERROR(VLOOKUP(基本資料填寫!$C$1&"-"&ROW(M7),基本資料填寫!$C:$DU,COLUMN(基本資料填寫!U8),0),"") | M10: =IFERROR(VLOOKUP(基本資料填寫!$C$1&"-"&ROW(AJ7),基本資料填寫!$C:$DU,COLUMN(基本資料填寫!CI8),0),"") | P10: =IFERROR(VLOOKUP(基本資料填寫!$C$1&"-"&ROW(AB7),基本資料填寫!$C:$DU,COLUMN(基本資料填寫!AJ8),0),"") | W10: =IFERROR(VLOOKUP(基本資料填寫!$C$1&"-"&ROW(AI7),基本資料填寫!$C:$DU,COLUMN(基本資料填寫!CH8),0),"")
B11: =IF(G11="","",COUNTA($G$4:G11)) | C11: =IFERROR(VLOOKUP(基本資料填寫!$C$1&"-"&ROW(A8),基本資料填寫!$C:$DU,COLUMN(基本資料填寫!CN9),0),"") | D11: =IFERROR(VLOOKUP(基本資料填寫!$C$1&"-"&ROW(I8),基本資料填寫!$C:$DU,COLUMN(基本資料填寫!Q9),0),"") | E11: =IFERROR(VLOOKUP(基本資料填寫!$C$1&"-"&ROW(L8),基本資料填寫!$C:$DU,COLUMN(基本資料填寫!T9),0),"") | F11: =IFERROR(VLOOKUP(基本資料填寫!$C$1&"-"&ROW(F8),基本資料填寫!$C:$DU,COLUMN(基本資料填寫!N9),0),"") | G11: =IFERROR(VLOOKUP(基本資料填寫!$C$1&"-"&ROW(C8),基本資料填寫!$C:$DU,COLUMN(基本資料填寫!O9),0),"") | H11: =IFERROR(VLOOKUP(基本資料填寫!$C$1&"-"&ROW(E8),基本資料填寫!$C:$DU,COLUMN(基本資料填寫!M9),0),"") | I11: =IFERROR(VLOOKUP(基本資料填寫!$C$1&"-"&ROW(M8),基本資料填寫!$C:$DU,COLUMN(基本資料填寫!U9),0),"") | M11: =IFERROR(VLOOKUP(基本資料填寫!$C$1&"-"&ROW(AJ8),基本資料填寫!$C:$DU,COLUMN(基本資料填寫!CI9),0),"") | P11: =IFERROR(VLOOKUP(基本資料填寫!$C$1&"-"&ROW(AB8),基本資料填寫!$C:$DU,COLUMN(基本資料填寫!AJ9),0),"") | W11: =IFERROR(VLOOKUP(基本資料填寫!$C$1&"-"&ROW(AI8),基本資料填寫!$C:$DU,COLUMN(基本資料填寫!CH9),0),"")
B12: =IF(G12="","",COUNTA($G$4:G12)) | C12: =IFERROR(VLOOKUP(基本資料填寫!$C$1&"-"&ROW(A9),基本資料填寫!$C:$DU,COLUMN(基本資料填寫!CN10),0),"") | D12: =IFERROR(VLOOKUP(基本資料填寫!$C$1&"-"&ROW(I9),基本資料填寫!$C:$DU,COLUMN(基本資料填寫!Q10),0),"") | E12: =IFERROR(VLOOKUP(基本資料填寫!$C$1&"-"&ROW(L9),基本資料填寫!$C:$DU,COLUMN(基本資料填寫!T10),0),"") | F12: =IFERROR(VLOOKUP(基本資料填寫!$C$1&"-"&ROW(F9),基本資料填寫!$C:$DU,COLUMN(基本資料填寫!N10),0),"") | G12: =IFERROR(VLOOKUP(基本資料填寫!$C$1&"-"&ROW(C9),基本資料填寫!$C:$DU,COLUMN(基本資料填寫!O10),0),"") | H12: =IFERROR(VLOOKUP(基本資料填寫!$C$1&"-"&ROW(E9),基本資料填寫!$C:$DU,COLUMN(基本資料填寫!M10),0),"") | I12: =IFERROR(VLOOKUP(基本資料填寫!$C$1&"-"&ROW(M9),基本資料填寫!$C:$DU,COLUMN(基本資料填寫!U10),0),"") | M12: =IFERROR(VLOOKUP(基本資料填寫!$C$1&"-"&ROW(AJ9),基本資料填寫!$C:$DU,COLUMN(基本資料填寫!CI10),0),"") | P12: =IFERROR(VLOOKUP(基本資料填寫!$C$1&"-"&ROW(AB9),基本資料填寫!$C:$DU,COLUMN(基本資料填寫!AJ10),0),"") | W12: =IFERROR(VLOOKUP(基本資料填寫!$C$1&"-"&ROW(AI9),基本資料填寫!$C:$DU,COLUMN(基本資料填寫!CH10),0),"")
B13: =IF(G13="","",COUNTA($G$4:G13)) | C13: =IFERROR(VLOOKUP(基本資料填寫!$C$1&"-"&ROW(A10),基本資料填寫!$C:$DU,COLUMN(基本資料填寫!CN11),0),"") | D13: =IFERROR(VLOOKUP(基本資料填寫!$C$1&"-"&ROW(I10),基本資料填寫!$C:$DU,COLUMN(基本資料填寫!Q11),0),"") | E13: =IFERROR(VLOOKUP(基本資料填寫!$C$1&"-"&ROW(L10),基本資料填寫!$C:$DU,COLUMN(基本資料填寫!T11),0),"") | F13: =IFERROR(VLOOKUP(基本資料填寫!$C$1&"-"&ROW(F10),基本資料填寫!$C:$DU,COLUMN(基本資料填寫!N11),0),"") | G13: =IFERROR(VLOOKUP(基本資料填寫!$C$1&"-"&ROW(C10),基本資料填寫!$C:$DU,COLUMN(基本資料填寫!O11),0),"") | H13: =IFERROR(VLOOKUP(基本資料填寫!$C$1&"-"&ROW(E10),基本資料填寫!$C:$DU,COLUMN(基本資料填寫!M11),0),"") | I13: =IFERROR(VLOOKUP(基本資料填寫!$C$1&"-"&ROW(M10),基本資料填寫!$C:$DU,COLUMN(基本資料填寫!U11),0),"") | M13: =IFERROR(VLOOKUP(基本資料填寫!$C$1&"-"&ROW(AJ10),基本資料填寫!$C:$DU,COLUMN(基本資料填寫!CI11),0),"") | P13: =IFERROR(VLOOKUP(基本資料填寫!$C$1&"-"&ROW(AB10),基本資料填寫!$C:$DU,COLUMN(基本資料填寫!AJ11),0),"") | W13: =IFERROR(VLOOKUP(基本資料填寫!$C$1&"-"&ROW(AI10),基本資料填寫!$C:$DU,COLUMN(基本資料填寫!CH11),0),"")
B14: =IF(G14="","",COUNTA($G$4:G14)) | C14: =IFERROR(VLOOKUP(基本資料填寫!$C$1&"-"&ROW(A11),基本資料填寫!$C:$DU,COLUMN(基本資料填寫!CN12),0),"") | D14: =IFERROR(VLOOKUP(基本資料填寫!$C$1&"-"&ROW(I11),基本資料填寫!$C:$DU,COLUMN(基本資料填寫!Q12),0),"") | E14: =IFERROR(VLOOKUP(基本資料填寫!$C$1&"-"&ROW(L11),基本資料填寫!$C:$DU,COLUMN(基本資料填寫!T12),0),"") | F14: =IFERROR(VLOOKUP(基本資料填寫!$C$1&"-"&ROW(F11),基本資料填寫!$C:$DU,COLUMN(基本資料填寫!N12),0),"") | G14: =IFERROR(VLOOKUP(基本資料填寫!$C$1&"-"&ROW(C11),基本資料填寫!$C:$DU,COLUMN(基本資料填寫!O12),0),"") | H14: =IFERROR(VLOOKUP(基本資料填寫!$C$1&"-"&ROW(E11),基本資料填寫!$C:$DU,COLUMN(基本資料填寫!M12),0),"") | I14: =IFERROR(VLOOKUP(基本資料填寫!$C$1&"-"&ROW(M11),基本資料填寫!$C:$DU,COLUMN(基本資料填寫!U12),0),"") | M14: =IFERROR(VLOOKUP(基本資料填寫!$C$1&"-"&ROW(AJ11),基本資料填寫!$C:$DU,COLUMN(基本資料填寫!CI12),0),"") | P14: =IFERROR(VLOOKUP(基本資料填寫!$C$1&"-"&ROW(AB11),基本資料填寫!$C:$DU,COLUMN(基本資料填寫!AJ12),0),"") | W14: =IFERROR(VLOOKUP(基本資料填寫!$C$1&"-"&ROW(AI11),基本資料填寫!$C:$DU,COLUMN(基本資料填寫!CH12),0),"")
B15: =IF(G15="","",COUNTA($G$4:G15)) | C15: =IFERROR(VLOOKUP(基本資料填寫!$C$1&"-"&ROW(A12),基本資料填寫!$C:$DU,COLUMN(基本資料填寫!CN13),0),"") | D15: =IFERROR(VLOOKUP(基本資料填寫!$C$1&"-"&ROW(I12),基本資料填寫!$C:$DU,COLUMN(基本資料填寫!Q13),0),"") | E15: =IFERROR(VLOOKUP(基本資料填寫!$C$1&"-"&ROW(L12),基本資料填寫!$C:$DU,COLUMN(基本資料填寫!T13),0),"") | F15: =IFERROR(VLOOKUP(基本資料填寫!$C$1&"-"&ROW(F12),基本資料填寫!$C:$DU,COLUMN(基本資料填寫!N13),0),"") | G15: =IFERROR(VLOOKUP(基本資料填寫!$C$1&"-"&ROW(C12),基本資料填寫!$C:$DU,COLUMN(基本資料填寫!O13),0),"") | H15: =IFERROR(VLOOKUP(基本資料填寫!$C$1&"-"&ROW(E12),基本資料填寫!$C:$DU,COLUMN(基本資料填寫!M13),0),"") | I15: =IFERROR(VLOOKUP(基本資料填寫!$C$1&"-"&ROW(M12),基本資料填寫!$C:$DU,COLUMN(基本資料填寫!U13),0),"") | M15: =IFERROR(VLOOKUP(基本資料填寫!$C$1&"-"&ROW(AJ12),基本資料填寫!$C:$DU,COLUMN(基本資料填寫!CI13),0),"") | P15: =IFERROR(VLOOKUP(基本資料填寫!$C$1&"-"&ROW(AB12),基本資料填寫!$C:$DU,COLUMN(基本資料填寫!AJ13),0),"") | W15: =IFERROR(VLOOKUP(基本資料填寫!$C$1&"-"&ROW(AI12),基本資料填寫!$C:$DU,COLUMN(基本資料填寫!CH13),0),"")
B16: =IF(G16="","",COUNTA($G$4:G16)) | C16: =IFERROR(VLOOKUP(基本資料填寫!$C$1&"-"&ROW(A13),基本資料填寫!$C:$DU,COLUMN(基本資料填寫!CN14),0),"") | D16: =IFERROR(VLOOKUP(基本資料填寫!$C$1&"-"&ROW(I13),基本資料填寫!$C:$DU,COLUMN(基本資料填寫!Q14),0),"") | E16: =IFERROR(VLOOKUP(基本資料填寫!$C$1&"-"&ROW(L13),基本資料填寫!$C:$DU,COLUMN(基本資料填寫!T14),0),"") | F16: =IFERROR(VLOOKUP(基本資料填寫!$C$1&"-"&ROW(F13),基本資料填寫!$C:$DU,COLUMN(基本資料填寫!N14),0),"") | G16: =IFERROR(VLOOKUP(基本資料填寫!$C$1&"-"&ROW(C13),基本資料填寫!$C:$DU,COLUMN(基本資料填寫!O14),0),"") | H16: =IFERROR(VLOOKUP(基本資料填寫!$C$1&"-"&ROW(E13),基本資料填寫!$C:$DU,COLUMN(基本資料填寫!M14),0),"") | I16: =IFERROR(VLOOKUP(基本資料填寫!$C$1&"-"&ROW(M13),基本資料填寫!$C:$DU,COLUMN(基本資料填寫!U14),0),"") | M16: =IFERROR(VLOOKUP(基本資料填寫!$C$1&"-"&ROW(AJ13),基本資料填寫!$C:$DU,COLUMN(基本資料填寫!CI14),0),"") | P16: =IFERROR(VLOOKUP(基本資料填寫!$C$1&"-"&ROW(AB13),基本資料填寫!$C:$DU,COLUMN(基本資料填寫!AJ14),0),"") | W16: =IFERROR(VLOOKUP(基本資料填寫!$C$1&"-"&ROW(AI13),基本資料填寫!$C:$DU,COLUMN(基本資料填寫!CH14),0),"")
B17: =IF(G17="","",COUNTA($G$4:G17)) | C17: =IFERROR(VLOOKUP(基本資料填寫!$C$1&"-"&ROW(A14),基本資料填寫!$C:$DU,COLUMN(基本資料填寫!CN15),0),"") | D17: =IFERROR(VLOOKUP(基本資料填寫!$C$1&"-"&ROW(I14),基本資料填寫!$C:$DU,COLUMN(基本資料填寫!Q15),0),"") | E17: =IFERROR(VLOOKUP(基本資料填寫!$C$1&"-"&ROW(L14),基本資料填寫!$C:$DU,COLUMN(基本資料填寫!T15),0),"") | F17: =IFERROR(VLOOKUP(基本資料填寫!$C$1&"-"&ROW(F14),基本資料填寫!$C:$DU,COLUMN(基本資料填寫!N15),0),"") | G17: =IFERROR(VLOOKUP(基本資料填寫!$C$1&"-"&ROW(C14),基本資料填寫!$C:$DU,COLUMN(基本資料填寫!O15),0),"") | H17: =IFERROR(VLOOKUP(基本資料填寫!$C$1&"-"&ROW(E14),基本資料填寫!$C:$DU,COLUMN(基本資料填寫!M15),0),"") | I17: =IFERROR(VLOOKUP(基本資料填寫!$C$1&"-"&ROW(M14),基本資料填寫!$C:$DU,COLUMN(基本資料填寫!U15),0),"") | M17: =IFERROR(VLOOKUP(基本資料填寫!$C$1&"-"&ROW(AJ14),基本資料填寫!$C:$DU,COLUMN(基本資料填寫!CI15),0),"") | P17: =IFERROR(VLOOKUP(基本資料填寫!$C$1&"-"&ROW(AB14),基本資料填寫!$C:$DU,COLUMN(基本資料填寫!AJ15),0),"") | W17: =IFERROR(VLOOKUP(基本資料填寫!$C$1&"-"&ROW(AI14),基本資料填寫!$C:$DU,COLUMN(基本資料填寫!CH15),0),"")
B18: =IF(G18="","",COUNTA($G$4:G18)) | C18: =IFERROR(VLOOKUP(基本資料填寫!$C$1&"-"&ROW(A15),基本資料填寫!$C:$DU,COLUMN(基本資料填寫!CN16),0),"") | D18: =IFERROR(VLOOKUP(基本資料填寫!$C$1&"-"&ROW(I15),基本資料填寫!$C:$DU,COLUMN(基本資料填寫!Q16),0),"") | E18: =IFERROR(VLOOKUP(基本資料填寫!$C$1&"-"&ROW(L15),基本資料填寫!$C:$DU,COLUMN(基本資料填寫!T16),0),"") | F18: =IFERROR(VLOOKUP(基本資料填寫!$C$1&"-"&ROW(F15),基本資料填寫!$C:$DU,COLUMN(基本資料填寫!N16),0),"") | G18: =IFERROR(VLOOKUP(基本資料填寫!$C$1&"-"&ROW(C15),基本資料填寫!$C:$DU,COLUMN(基本資料填寫!O16),0),"") | H18: =IFERROR(VLOOKUP(基本資料填寫!$C$1&"-"&ROW(E15),基本資料填寫!$C:$DU,COLUMN(基本資料填寫!M16),0),"") | I18: =IFERROR(VLOOKUP(基本資料填寫!$C$1&"-"&ROW(M15),基本資料填寫!$C:$DU,COLUMN(基本資料填寫!U16),0),"") | M18: =IFERROR(VLOOKUP(基本資料填寫!$C$1&"-"&ROW(AJ15),基本資料填寫!$C:$DU,COLUMN(基本資料填寫!CI16),0),"") | P18: =IFERROR(VLOOKUP(基本資料填寫!$C$1&"-"&ROW(AB15),基本資料填寫!$C:$DU,COLUMN(基本資料填寫!AJ16),0),"") | W18: =IFERROR(VLOOKUP(基本資料填寫!$C$1&"-"&ROW(AI15),基本資料填寫!$C:$DU,COLUMN(基本資料填寫!CH16),0),"")
B19: =IF(G19="","",COUNTA($G$4:G19)) | C19: =IFERROR(VLOOKUP(基本資料填寫!$C$1&"-"&ROW(A16),基本資料填寫!$C:$DU,COLUMN(基本資料填寫!CN17),0),"") | D19: =IFERROR(VLOOKUP(基本資料填寫!$C$1&"-"&ROW(I16),基本資料填寫!$C:$DU,COLUMN(基本資料填寫!Q17),0),"") | E19: =IFERROR(VLOOKUP(基本資料填寫!$C$1&"-"&ROW(L16),基本資料填寫!$C:$DU,COLUMN(基本資料填寫!T17),0),"") | F19: =IFERROR(VLOOKUP(基本資料填寫!$C$1&"-"&ROW(F16),基本資料填寫!$C:$DU,COLUMN(基本資料填寫!N17),0),"") | G19: =IFERROR(VLOOKUP(基本資料填寫!$C$1&"-"&ROW(C16),基本資料填寫!$C:$DU,COLUMN(基本資料填寫!O17),0),"") | H19: =IFERROR(VLOOKUP(基本資料填寫!$C$1&"-"&ROW(E16),基本資料填寫!$C:$DU,COLUMN(基本資料填寫!M17),0),"") | I19: =IFERROR(VLOOKUP(基本資料填寫!$C$1&"-"&ROW(M16),基本資料填寫!$C:$DU,COLUMN(基本資料填寫!U17),0),"") | M19: =IFERROR(VLOOKUP(基本資料填寫!$C$1&"-"&ROW(AJ16),基本資料填寫!$C:$DU,COLUMN(基本資料填寫!CI17),0),"") | P19: =IFERROR(VLOOKUP(基本資料填寫!$C$1&"-"&ROW(AB16),基本資料填寫!$C:$DU,COLUMN(基本資料填寫!AJ17),0),"") | W19: =IFERROR(VLOOKUP(基本資料填寫!$C$1&"-"&ROW(AI16),基本資料填寫!$C:$DU,COLUMN(基本資料填寫!CH17),0),"")
... B102: =IF(G102="","",COUNTA($G$4:G102)) | C102: =IFERROR(VLOOKUP(基本資料填寫!$C$1&"-"&ROW(A99),基本資料填寫!$C:$DU,COLUMN(基本資料填寫!CN100),0),"") | D102: =IFERROR(VLOOKUP(基本資料填寫!$C$1&"-"&ROW(I99),基本資料填寫!$C:$DU,COLUMN(基本資料填寫!Q100),0),"") | E102: =IFERROR(VLOOKUP(基本資料填寫!$C$1&"-"&ROW(L99),基本資料填寫!$C:$DU,COLUMN(基本資料填寫!T100),0),"") | F102: =IFERROR(VLOOKUP(基本資料填寫!$C$1&"-"&ROW(F99),基本資料填寫!$C:$DU,COLUMN(基本資料填寫!N100),0),"") | G102: =IFERROR(VLOOKUP(基本資料填寫!$C$1&"-"&ROW(C99),基本資料填寫!$C:$DU,COLUMN(基本資料填寫!O100),0),"") | H102: =IFERROR(VLOOKUP(基本資料填寫!$C$1&"-"&ROW(E99),基本資料填寫!$C:$DU,COLUMN(基本資料填寫!M100),0),"") | I102: =IFERROR(VLOOKUP(基本資料填寫!$C$1&"-"&ROW(M99),基本資料填寫!$C:$DU,COLUMN(基本資料填寫!U100),0),"") | M102: =IFERROR(VLOOKUP(基本資料填寫!$C$1&"-"&ROW(AJ99),基本資料填寫!$C:$DU,COLUMN(基本資料填寫!CI100),0),"") | P102: =IFERROR(VLOOKUP(基本資料填寫!$C$1&"-"&ROW(AB99),基本資料填寫!$C:$DU,COLUMN(基本資料填寫!AJ100),0),"") | W102: =IFERROR(VLOOKUP(基本資料填寫!$C$1&"-"&ROW(AI99),基本資料填寫!$C:$DU,COLUMN(基本資料填寫!CH100),0),"")

Sheet 書籍檔建置
A1: *異動方式 | B1: 艦型/艦艇別 | C1: *登錄號 | D1: *索書號 | E1: 會計編號 | F1: 族群結構碼(ESWBS) | G1: *書名 | H1: 標題 | I1: 作者 | J1: 出版單位別(出處/刊名) | K1: *版次 | L1: 後勤文件類別 | M1: *資料類型 | N1: 資料類別 | O1: *語言 | P1: 美軍庫儲號碼 | Q1: 原始書號 | R1: 資料來源文號 | S1: 出版日 | T1: *機密等級 | U1: *海發帳籍數量 | V1: 保管單位 | W1: *儲放室 | X1: 儲位 | Y1: *服役現況 | Z1: 汰除/裁撤日期 | AA1: 備註 | AB1: 是否開放電子檔下載
A2: Class | B2: -- | C2: CN-TE002 | D2: CN_TE003 | E2: -- | F2: CN_TE032 | G2: CN_TE004 | H2: CN_TE050 | I2: CN_TE008 | J2: CN_TE023 | K2: CN_TE005 | L2: CN_TE051 | M2: CN_TE021 | N2: CN_TE033 | O2: CN_TE025 | P2: CN_TE024 | Q2: CN_TE020 | R2: CN_TE031 | S2: -- | T2: CN_TE007 | U2: CN_TE027 | V2: N00001 | W2: ROOMTYPE | X2: CN_TE042 | Y2: -- | Z2: -- | AA2: CN_TE049 | AB2: --
A3: MODIFY_TYPE | B3: PROJECT_NAME | C3: REGISTER_NO | D3: BOOK_INDEX | E3: UNIT_ID | F3: ESWBS | G3: BLUEPRINT_BOOK_NAME | H3: TITLE | I3: AUTHOR | J3: PUBLISH_ORG | K3: DOC_VSERION | L3: DOC_CLASS | M3: DATA_TYPE | N3: DATA_CLASS | O3: BOOK_LANGUAGE | P3: USA_NO | Q3: BOOK_BLUEPRINT_NO | R3: DATA_SOURCE_NO | S3: RECEIVED_DATE | T3: CONFIDENCIAL_LEVEL | U3: QUANTITY | V3: DEPT_ID | W3: STORE_ROOM | X3: STORE_PLACE | Y3: SERVICE_STATUS | Z3: SERVICE_CHANGE_DATE | AA3: REMARK | AB3: ALLOW_DOWNLOAD
E4: =IFERROR(VLOOKUP(基本資料填寫!$E$1&"-"&ROW(CS1),基本資料填寫!$E:$EU,COLUMN(基本資料填寫!CW1),0),"") -> B21317 | F4: =IFERROR(VLOOKUP(基本資料填寫!$E$1&"-"&ROW(CT1),基本資料填寫!$E:$EU,COLUMN(基本資料填寫!CX1),0),"") -> 43212 | G4: =IFERROR(VLOOKUP(基本資料填寫!$E$1&"-"&ROW(CQ1),基本資料填寫!$E:$EU,COLUMN(基本資料填寫!CU1),0),"") -> 聲力電話系統技術手冊 | K4: =IFERROR(VLOOKUP(基本資料填寫!$E$1&"-"&ROW(DC1),基本資料填寫!$E:$EU,COLUMN(基本資料填寫!DH1),0),"") -> 0 | M4: =IFERROR(VLOOKUP(基本資料填寫!$E$1&"-"&ROW(DI1),基本資料填寫!$E:$EU,COLUMN(基本資料填寫!DN1),0),"") -> 2 | N4: =IFERROR(VLOOKUP(基本資料填寫!$E$1&"-"&ROW(DH1),基本資料填寫!$E:$EU,COLUMN(基本資料填寫!DM1),0),"") -> 1 | O4: =IFERROR(VLOOKUP(基本資料填寫!$E$1&"-"&ROW(DJ1),基本資料填寫!$E:$EU,COLUMN(基本資料填寫!DO1),0),"") -> 1 | T4: =IFERROR(VLOOKUP(基本資料填寫!$E$1&"-"&ROW(DG1),基本資料填寫!$E:$EU,COLUMN(基本資料填寫!DL1),0),"") -> 1
E5: =IFERROR(VLOOKUP(基本資料填寫!$E$1&"-"&ROW(CS2),基本資料填寫!$E:$EU,COLUMN(基本資料填寫!CW2),0),"") | F5: =IFERROR(VLOOKUP(基本資料填寫!$E$1&"-"&ROW(CT2),基本資料填寫!$E:$EU,COLUMN(基本資料填寫!CX2),0),"") -> 0 | G5: =IFERROR(VLOOKUP(基本資料填寫!$E$1&"-"&ROW(CQ2),基本資料填寫!$E:$EU,COLUMN(基本資料填寫!CU2),0),"") -> 0 | K5: =IFERROR(VLOOKUP(基本資料填寫!$E$1&"-"&ROW(DC2),基本資料填寫!$E:$EU,COLUMN(基本資料填寫!DH2),0),"") -> 0 | M5: =IFERROR(VLOOKUP(基本資料填寫!$E$1&"-"&ROW(DI2),基本資料填寫!$E:$EU,COLUMN(基本資料填寫!DN2),0),"") -> 0 | N5: =IFERROR(VLOOKUP(基本資料填寫!$E$1&"-"&ROW(DH2),基本資料填寫!$E:$EU,COLUMN(基本資料填寫!DM2),0),"") -> 0 | O5: =IFERROR(VLOOKUP(基本資料填寫!$E$1&"-"&ROW(DJ2),基本資料填寫!$E:$EU,COLUMN(基本資料填寫!DO2),0),"") -> 0 | T5: =IFERROR(VLOOKUP(基本資料填寫!$E$1&"-"&ROW(DG2),基本資料填寫!$E:$EU,COLUMN(基本資料填寫!DL2),0),"") -> 0
E6: =IFERROR(VLOOKUP(基本資料填寫!$E$1&"-"&ROW(CS3),基本資料填寫!$E:$EU,COLUMN(基本資料填寫!CW3),0),"") | F6: =IFERROR(VLOOKUP(基本資料填寫!$E$1&"-"&ROW(CT3),基本資料填寫!$E:$EU,COLUMN(基本資料填寫!CX3),0),"") -> 0 | G6: =IFERROR(VLOOKUP(基本資料填寫!$E$1&"-"&ROW(CQ3),基本資料填寫!$E:$EU,COLUMN(基本資料填寫!CU3),0),"") -> 0 | K6: =IFERROR(VLOOKUP(基本資料填寫!$E$1&"-"&ROW(DC3),基本資料填寫!$E:$EU,COLUMN(基本資料填寫!DH3),0),"") -> 0 | M6: =IFERROR(VLOOKUP(基本資料填寫!$E$1&"-"&ROW(DI3),基本資料填寫!$E:$EU,COLUMN(基本資料填寫!DN3),0),"") -> 0 | N6: =IFERROR(VLOOKUP(基本資料填寫!$E$1&"-"&ROW(DH3),基本資料填寫!$E:$EU,COLUMN(基本資料填寫!DM3),0),"") -> 0 | O6: =IFERROR(VLOOKUP(基本資料填寫!$E$1&"-"&ROW(DJ3),基本資料填寫!$E:$EU,COLUMN(基本資料填寫!DO3),0),"") -> 0 | T6: =IFERROR(VLOOKUP(基本資料填寫!$E$1&"-"&ROW(DG3),基本資料填寫!$E:$EU,COLUMN(基本資料填寫!DL3),0),"") -> 0
E7: =IFERROR(VLOOKUP(基本資料填寫!$E$1&"-"&ROW(CS4),基本資料填寫!$E:$EU,COLUMN(基本資料填寫!CW4),0),"") | F7: =IFERROR(VLOOKUP(基本資料填寫!$E$1&"-"&ROW(CT4),基本資料填寫!$E:$EU,COLUMN(基本資料填寫!CX4),0),"") -> 0 | G7: =IFERROR(VLOOKUP(基本資料填寫!$E$1&"-"&ROW(CQ4),基本資料填寫!$E:$EU,COLUMN(基本資料填寫!CU4),0),"") -> 0 | K7: =IFERROR(VLOOKUP(基本資料填寫!$E$1&"-"&ROW(DC4),基本資料填寫!$E:$EU,COLUMN(基本資料填寫!DH4),0),"") -> 0 | M7: =IFERROR(VLOOKUP(基本資料填寫!$E$1&"-"&ROW(DI4),基本資料填寫!$E:$EU,COLUMN(基本資料填寫!DN4),0),"") -> 0 | N7: =IFERROR(VLOOKUP(基本資料填寫!$E$1&"-"&ROW(DH4),基本資料填寫!$E:$EU,COLUMN(基本資料填寫!DM4),0),"") -> 0 | O7: =IFERROR(VLOOKUP(基本資料填寫!$E$1&"-"&ROW(DJ4),基本資料填寫!$E:$EU,COLUMN(基本資料填寫!DO4),0),"") -> 0 | T7: =IFERROR(VLOOKUP(基本資料填寫!$E$1&"-"&ROW(DG4),基本資料填寫!$E:$EU,COLUMN(基本資料填寫!DL4),0),"") -> 0
E8: =IFERROR(VLOOKUP(基本資料填寫!$E$1&"-"&ROW(CS5),基本資料填寫!$E:$EU,COLUMN(基本資料填寫!CW5),0),"") | F8: =IFERROR(VLOOKUP(基本資料填寫!$E$1&"-"&ROW(CT5),基本資料填寫!$E:$EU,COLUMN(基本資料填寫!CX5),0),"") -> 0 | G8: =IFERROR(VLOOKUP(基本資料填寫!$E$1&"-"&ROW(CQ5),基本資料填寫!$E:$EU,COLUMN(基本資料填寫!CU5),0),"") -> 0 | K8: =IFERROR(VLOOKUP(基本資料填寫!$E$1&"-"&ROW(DC5),基本資料填寫!$E:$EU,COLUMN(基本資料填寫!DH5),0),"") -> 0 | M8: =IFERROR(VLOOKUP(基本資料填寫!$E$1&"-"&ROW(DI5),基本資料填寫!$E:$EU,COLUMN(基本資料填寫!DN5),0),"") -> 0 | N8: =IFERROR(VLOOKUP(基本資料填寫!$E$1&"-"&ROW(DH5),基本資料填寫!$E:$EU,COLUMN(基本資料填寫!DM5),0),"") -> 0 | O8: =IFERROR(VLOOKUP(基本資料填寫!$E$1&"-"&ROW(DJ5),基本資料填寫!$E:$EU,COLUMN(基本資料填寫!DO5),0),"") -> 0 | T8: =IFERROR(VLOOKUP(基本資料填寫!$E$1&"-"&ROW(DG5),基本資料填寫!$E:$EU,COLUMN(基本資料填寫!DL5),0),"") -> 0
E9: =IFERROR(VLOOKUP(基本資料填寫!$E$1&"-"&ROW(CS6),基本資料填寫!$E:$EU,COLUMN(基本資料填寫!CW6),0),"") | F9: =IFERROR(VLOOKUP(基本資料填寫!$E$1&"-"&ROW(CT6),基本資料填寫!$E:$EU,COLUMN(基本資料填寫!CX6),0),"") -> 0 | G9: =IFERROR(VLOOKUP(基本資料填寫!$E$1&"-"&ROW(CQ6),基本資料填寫!$E:$EU,COLUMN(基本資料填寫!CU6),0),"") -> 0 | K9: =IFERROR(VLOOKUP(基本資料填寫!$E$1&"-"&ROW(DC6),基本資料填寫!$E:$EU,COLUMN(基本資料填寫!DH6),0),"") -> 0 | M9: =IFERROR(VLOOKUP(基本資料填寫!$E$1&"-"&ROW(DI6),基本資料填寫!$E:$EU,COLUMN(基本資料填寫!DN6),0),"") -> 0 | N9: =IFERROR(VLOOKUP(基本資料填寫!$E$1&"-"&ROW(DH6),基本資料填寫!$E:$EU,COLUMN(基本資料填寫!DM6),0),"") -> 0 | O9: =IFERROR(VLOOKUP(基本資料填寫!$E$1&"-"&ROW(DJ6),基本資料填寫!$E:$EU,COLUMN(基本資料填寫!DO6),0),"") -> 0 | T9: =IFERROR(VLOOKUP(基本資料填寫!$E$1&"-"&ROW(DG6),基本資料填寫!$E:$EU,COLUMN(基本資料填寫!DL6),0),"") -> 0
E10: =IFERROR(VLOOKUP(基本資料填寫!$E$1&"-"&ROW(CS7),基本資料填寫!$E:$EU,COLUMN(基本資料填寫!CW7),0),"") | F10: =IFERROR(VLOOKUP(基本資料填寫!$E$1&"-"&ROW(CT7),基本資料填寫!$E:$EU,COLUMN(基本資料填寫!CX7),0),"") -> 0 | G10: =IFERROR(VLOOKUP(基本資料填寫!$E$1&"-"&ROW(CQ7),基本資料填寫!$E:$EU,COLUMN(基本資料填寫!CU7),0),"") -> 0 | K10: =IFERROR(VLOOKUP(基本資料填寫!$E$1&"-"&ROW(DC7),基本資料填寫!$E:$EU,COLUMN(基本資料填寫!DH7),0),"") -> 0 | M10: =IFERROR(VLOOKUP(基本資料填寫!$E$1&"-"&ROW(DI7),基本資料填寫!$E:$EU,COLUMN(基本資料填寫!DN7),0),"") -> 0 | N10: =IFERROR(VLOOKUP(基本資料填寫!$E$1&"-"&ROW(DH7),基本資料填寫!$E:$EU,COLUMN(基本資料填寫!DM7),0),"") -> 0 | O10: =IFERROR(VLOOKUP(基本資料填寫!$E$1&"-"&ROW(DJ7),基本資料填寫!$E:$EU,COLUMN(基本資料填寫!DO7),0),"") -> 0 | T10: =IFERROR(VLOOKUP(基本資料填寫!$E$1&"-"&ROW(DG7),基本資料填寫!$E:$EU,COLUMN(基本資料填寫!DL7),0),"") -> 0
E11: =IFERROR(VLOOKUP(基本資料填寫!$E$1&"-"&ROW(CS8),基本資料填寫!$E:$EU,COLUMN(基本資料填寫!CW8),0),"") | F11: =IFERROR(VLOOKUP(基本資料填寫!$E$1&"-"&ROW(CT8),基本資料填寫!$E:$EU,COLUMN(基本資料填寫!CX8),0),"") -> 0 | G11: =IFERROR(VLOOKUP(基本資料填寫!$E$1&"-"&ROW(CQ8),基本資料填寫!$E:$EU,COLUMN(基本資料填寫!CU8),0),"") -> 0 | K11: =IFERROR(VLOOKUP(基本資料填寫!$E$1&"-"&ROW(DC8),基本資料填寫!$E:$EU,COLUMN(基本資料填寫!DH8),0),"") -> 0 | M11: =IFERROR(VLOOKUP(基本資料填寫!$E$1&"-"&ROW(DI8),基本資料填寫!$E:$EU,COLUMN(基本資料填寫!DN8),0),"") -> 0 | N11: =IFERROR(VLOOKUP(基本資料填寫!$E$1&"-"&ROW(DH8),基本資料填寫!$E:$EU,COLUMN(基本資料填寫!DM8),0),"") -> 0 | O11: =IFERROR(VLOOKUP(基本資料填寫!$E$1&"-"&ROW(DJ8),基本資料填寫!$E:$EU,COLUMN(基本資料填寫!DO8),0),"") -> 0 | T11: =IFERROR(VLOOKUP(基本資料填寫!$E$1&"-"&ROW(DG8),基本資料填寫!$E:$EU,COLUMN(基本資料填寫!DL8),0),"") -> 0
E12: =IFERROR(VLOOKUP(基本資料填寫!$E$1&"-"&ROW(CS9),基本資料填寫!$E:$EU,COLUMN(基本資料填寫!CW9),0),"") | F12: =IFERROR(VLOOKUP(基本資料填寫!$E$1&"-"&ROW(CT9),基本資料填寫!$E:$EU,COLUMN(基本資料填寫!CX9),0),"") -> 0 | G12: =IFERROR(VLOOKUP(基本資料填寫!$E$1&"-"&ROW(CQ9),基本資料填寫!$E:$EU,COLUMN(基本資料填寫!CU9),0),"") -> 0 | K12: =IFERROR(VLOOKUP(基本資料填寫!$E$1&"-"&ROW(DC9),基本資料填寫!$E:$EU,COLUMN(基本資料填寫!DH9),0),"") -> 0 | M12: =IFERROR(VLOOKUP(基本資料填寫!$E$1&"-"&ROW(DI9),基本資料填寫!$E:$EU,COLUMN(基本資料填寫!DN9),0),"") -> 0 | N12: =IFERROR(VLOOKUP(基本資料填寫!$E$1&"-"&ROW(DH9),基本資料填寫!$E:$EU,COLUMN(基本資料填寫!DM9),0),"") -> 0 | O12: =IFERROR(VLOOKUP(基本資料填寫!$E$1&"-"&ROW(DJ9),基本資料填寫!$E:$EU,COLUMN(基本資料填寫!DO9),0),"") -> 0 | T12: =IFERROR(VLOOKUP(基本資料填寫!$E$1&"-"&ROW(DG9),基本資料填寫!$E:$EU,COLUMN(基本資料填寫!DL9),0),"") -> 0
E13: =IFERROR(VLOOKUP(基本資料填寫!$E$1&"-"&ROW(CS10),基本資料填寫!$E:$EU,COLUMN(基本資料填寫!CW10),0),"") | F13: =IFERROR(VLOOKUP(基本資料填寫!$E$1&"-"&ROW(CT10),基本資料填寫!$E:$EU,COLUMN(基本資料填寫!CX10),0),"") -> 0 | G13: =IFERROR(VLOOKUP(基本資料填寫!$E$1&"-"&ROW(CQ10),基本資料填寫!$E:$EU,COLUMN(基本資料填寫!CU10),0),"") -> 0 | K13: =IFERROR(VLOOKUP(基本資料填寫!$E$1&"-"&ROW(DC10),基本資料填寫!$E:$EU,COLUMN(基本資料填寫!DH10),0),"") -> 0 | M13: =IFERROR(VLOOKUP(基本資料填寫!$E$1&"-"&ROW(DI10),基本資料填寫!$E:$EU,COLUMN(基本資料填寫!DN10),0),"") -> 0 | N13: =IFERROR(VLOOKUP(基本資料填寫!$E$1&"-"&ROW(DH10),基本資料填寫!$E:$EU,COLUMN(基本資料填寫!DM10),0),"") -> 0 | O13: =IFERROR(VLOOKUP(基本資料填寫!$E$1&"-"&ROW(DJ10),基本資料填寫!$E:$EU,COLUMN(基本資料填寫!DO10),0),"") -> 0 | T13: =IFERROR(VLOOKUP(基本資料填寫!$E$1&"-"&ROW(DG10),基本資料填寫!$E:$EU,COLUMN(基本資料填寫!DL10),0),"") -> 0
E14: =IFERROR(VLOOKUP(基本資料填寫!$E$1&"-"&ROW(CS11),基本資料填寫!$E:$EU,COLUMN(基本資料填寫!CW11),0),"") | F14: =IFERROR(VLOOKUP(基本資料填寫!$E$1&"-"&ROW(CT11),基本資料填寫!$E:$EU,COLUMN(基本資料填寫!CX11),0),"") -> 0 | G14: =IFERROR(VLOOKUP(基本資料填寫!$E$1&"-"&ROW(CQ11),基本資料填寫!$E:$EU,COLUMN(基本資料填寫!CU11),0),"") -> 0 | K14: =IFERROR(VLOOKUP(基本資料填寫!$E$1&"-"&ROW(DC11),基本資料填寫!$E:$EU,COLUMN(基本資料填寫!DH11),0),"") -> 0 | M14: =IFERROR(VLOOKUP(基本資料填寫!$E$1&"-"&ROW(DI11),基本資料填寫!$E:$EU,COLUMN(基本資料填寫!DN11),0),"") -> 0 | N14: =IFERROR(VLOOKUP(基本資料填寫!$E$1&"-"&ROW(DH11),基本資料填寫!$E:$EU,COLUMN(基本資料填寫!DM11),0),"") -> 0 | O14: =IFERROR(VLOOKUP(基本資料填寫!$E$1&"-"&ROW(DJ11),基本資料填寫!$E:$EU,COLUMN(基本資料填寫!DO11),0),"") -> 0 | T14: =IFERROR(VLOOKUP(基本資料填寫!$E$1&"-"&ROW(DG11),基本資料填寫!$E:$EU,COLUMN(基本資料填寫!DL11),0),"") -> 0
E15: =IFERROR(VLOOKUP(基本資料填寫!$E$1&"-"&ROW(CS12),基本資料填寫!$E:$EU,COLUMN(基本資料填寫!CW12),0),"") | F15: =IFERROR(VLOOKUP(基本資料填寫!$E$1&"-"&ROW(CT12),基本資料填寫!$E:$EU,COLUMN(基本資料填寫!CX12),0),"") -> 0 | G15: =IFERROR(VLOOKUP(基本資料填寫!$E$1&"-"&ROW(CQ12),基本資料填寫!$E:$EU,COLUMN(基本資料填寫!CU12),0),"") -> 0 | K15: =IFERROR(VLOOKUP(基本資料填寫!$E$1&"-"&ROW(DC12),基本資料填寫!$E:$EU,COLUMN(基本資料填寫!DH12),0),"") -> 0 | M15: =IFERROR(VLOOKUP(基本資料填寫!$E$1&"-"&ROW(DI12),基本資料填寫!$E:$EU,COLUMN(基本資料填寫!DN12),0),"") -> 0 | N15: =IFERROR(VLOOKUP(基本資料填寫!$E$1&"-"&ROW(DH12),基本資料填寫!$E:$EU,COLUMN(基本資料填寫!DM12),0),"") -> 0 | O15: =IFERROR(VLOOKUP(基本資料填寫!$E$1&"-"&ROW(DJ12),基本資料填寫!$E:$EU,COLUMN(基本資料填寫!DO12),0),"") -> 0 | T15: =IFERROR(VLOOKUP(基本資料填寫!$E$1&"-"&ROW(DG12),基本資料填寫!$E:$EU,COLUMN(基本資料填寫!DL12),0),"") -> 0
... E102: =IFERROR(VLOOKUP(基本資料填寫!$E$1&"-"&ROW(CS99),基本資料填寫!$E:$EU,COLUMN(基本資料填寫!CW99),0),"") | F102: =IFERROR(VLOOKUP(基本資料填寫!$E$1&"-"&ROW(CT99),基本資料填寫!$E:$EU,COLUMN(基本資料填寫!CX99),0),"") | G102: =IFERROR(VLOOKUP(基本資料填寫!$E$1&"-"&ROW(CQ99),基本資料填寫!$E:$EU,COLUMN(基本資料填寫!CU99),0),"") | K102: =IFERROR(VLOOKUP(基本資料填寫!$E$1&"-"&ROW(DC99),基本資料填寫!$E:$EU,COLUMN(基本資料填寫!DH99),0),"") | M102: =IFERROR(VLOOKUP(基本資料填寫!$E$1&"-"&ROW(DI99),基本資料填寫!$E:$EU,COLUMN(基本資料填寫!DN99),0),"") | N102: =IFERROR(VLOOKUP(基本資料填寫!$E$1&"-"&ROW(DH99),基本資料填寫!$E:$EU,COLUMN(基本資料填寫!DM99),0),"") | O102: =IFERROR(VLOOKUP(基本資料填寫!$E$1&"-"&ROW(DJ99),基本資料填寫!$E:$EU,COLUMN(基本資料填寫!DO99),0),"") | T102: =IFERROR(VLOOKUP(基本資料填寫!$E$1&"-"&ROW(DG99),基本資料填寫!$E:$EU,COLUMN(基本資料填寫!DL99),0),"")

Sheet 16M
A1: *異動方式 (N新增、C修改、D刪除) | B1: *項次 | C1: *單機識別碼 | D1: *單機特性說明序號 | E1: *單機特性說明 | F1: 請勿改動本欄與本列！
A2: Class | B2: —— | C2: N00013 | D2: N05746 | E2: N05745 | F2: 請勿改動本欄與本列！
A3: MODIFY_TYPE | B3: IMPORT_ITEM_NUMBER | C3: CID | D3: FEATURE_ID | E3: DESCRIBE | F3: 請勿改動本欄與本列！
A4: N | B4: 1 | C4: =基本資料填寫!CP2 -> 27NYE0823 | D4: 0001 | E4: ="廠家："&基本資料填寫!CM2 -> 廠家：SCM SISTEMAS,S.L.
A5: N | B5: 2 | C5: =基本資料填寫!CP2 -> 27NYE0823 | D5: 0002 | E5: ="型號："&基本資料填寫!CR2 -> 型號：TA-4CI

Sheet 18M
A1: *異動方式 (N新增、C修改、D刪除) | B1: *項次 | C1: *單機識別碼 | D1: *品項識別號 | E1: 單機零附件裝置數 | F1: OSI品項識別號 | G1: 最小更換單位數量 | H1: 額外配賦量 | I1: 額外配賦代碼 | J1: 單機零附件軍事重要代碼 | K1: 兵器數量調整代碼 | L1: 來源碼 | M1: 使用維護代碼 | N1: 維修保養代碼 | O1: 回復代碼 | P1: 配賦備註代碼 | Q1: 配賦建議數量 | R1: 美軍來源碼 | S1: 美軍使用維護代碼 | T1: 美軍維護保養代碼 | U1: 美軍回復代碼 | V1: 配賦品項代碼 | W1: 單機零附件裝置單位(撥發單位) | X1: 裝置單位/撥發單位轉換因子 | Y1: 單位轉換因子小數位數 | Z1: 維修代碼 | AA1: 艦艇配賦攜行量1 | AB1: 艦艇配賦攜行量2 | AC1: 艦艇配賦攜行量3 | AD1: 艦艇配賦攜行量4 | AE1: 艦艇配賦攜行量5 | AF1: 艦艇配賦攜行量6 | AG1: 艦艇配賦攜行量7 | AH1: 艦艇配賦攜行量8 | AI1: 請勿改動本欄與本列！
A2: Class | B2: —— | C2: N00013 | D2: N05086 | E2: N05067 | F2: N06112 | G2: N05038 | H2: N05039 | I2: N05040 | J2: N05041 | K2: N05068 | L2: N05070 | M2: N05071 | N2: N05072 | O2: N05073 | P2: N05747 | Q2: N05808 | R2: N06034 | S2: N06035 | T2: N06036 | U2: N06037 | V2: N06103 | W2: N06110 | X2: N06138 | Y2: N06139 | Z2: SMR | AA2: COL1 | AB2: COL2 | AC2: COL3 | AD2: COL4 | AE2: COL5 | AF2: COL6 | AG2: COL7 | AH2: COL8 | AI2: 請勿改動本欄與本列！
A3: MODIFY_TYPE | B3: IMPORT_ITEM_NUMBER | C3: CID | D3: NIIN | E3: ITEM_QUANTITY | F3: OSI_NIIN | G3: REPLACE_MIN_QUANTITY | H3: QUOTA_EXTRA | I3: QUOTA_EXTRA_CODE | J3: MILITARY_VITAL_CODE | K3: WEAPON_QUANTITY_ADJUST_CODE | L3: SOURCE_CODE | M3: MAINTAIN_CODE_USE | N3: MAINTAIN_CODE | O3: REFLEX_CODE | P3: QUOTA_NOTE_CODE | Q3: QUOTA_RECOMMEND | R3: US_ARMY_SOURCE | S3: US_ARMY_MAINTAIN_CODE_USE | T3: US_ARMY_MAINTAIN_CODE | U3: US_ARMY_REFLEX_CODE | V3: QUOTA_ITEM_CODE | W3: UNIT_PACKING | X3: CF_UNIT | Y3: CF_DECIMAL_PLACE | Z3: SMR | AA3: COL1 | AB3: COL2 | AC3: COL3 | AD3: COL4 | AE3: COL5 | AF3: COL6 | AG3: COL7 | AH3: COL8 | AI3: 請勿改動本欄與本列！
A4: N | B4: =IF(C4="","",COUNTA($C$4:C4)) -> 1 | C4: =IFERROR(VLOOKUP(基本資料填寫!$D$1&"-"&ROW(AP1),基本資料填寫!$D:$DU,COLUMN(基本資料填寫!CM1),0),"") -> 27NYE0823 | D4: =IFERROR(VLOOKUP(基本資料填寫!$D$1&"-"&ROW(L1),基本資料填寫!$D:$DU,COLUMN(基本資料填寫!S1),0),"") -> YETL22088 | E4: =IFERROR(VLOOKUP(基本資料填寫!$D$1&"-"&ROW(N1),基本資料填寫!$D:$DU,COLUMN(基本資料填寫!U1),0),"") -> 1 | W4: =IFERROR(VLOOKUP(基本資料填寫!$D$1&"-"&ROW(P1),基本資料填寫!$D:$DU,COLUMN(基本資料填寫!W1),0),"") -> EA
B5: =IF(C5="","",COUNTA($C$4:C5)) -> 2 | C5: =IFERROR(VLOOKUP(基本資料填寫!$D$1&"-"&ROW(AP2),基本資料填寫!$D:$DU,COLUMN(基本資料填寫!CM2),0),"") -> 27NYE0823 | D5: =IFERROR(VLOOKUP(基本資料填寫!$D$1&"-"&ROW(L2),基本資料填寫!$D:$DU,COLUMN(基本資料填寫!S2),0),"") -> YETL22087 | E5: =IFERROR(VLOOKUP(基本資料填寫!$D$1&"-"&ROW(N2),基本資料填寫!$D:$DU,COLUMN(基本資料填寫!U2),0),"") -> 1 | W5: =IFERROR(VLOOKUP(基本資料填寫!$D$1&"-"&ROW(P2),基本資料填寫!$D:$DU,COLUMN(基本資料填寫!W2),0),"") -> EA
B6: =IF(C6="","",COUNTA($C$4:C6)) -> 3 | C6: =IFERROR(VLOOKUP(基本資料填寫!$D$1&"-"&ROW(AP3),基本資料填寫!$D:$DU,COLUMN(基本資料填寫!CM3),0),"") -> 27NYE0823 | D6: =IFERROR(VLOOKUP(基本資料填寫!$D$1&"-"&ROW(L3),基本資料填寫!$D:$DU,COLUMN(基本資料填寫!S3),0),"") -> YETL22086 | E6: =IFERROR(VLOOKUP(基本資料填寫!$D$1&"-"&ROW(N3),基本資料填寫!$D:$DU,COLUMN(基本資料填寫!U3),0),"") -> 1 | W6: =IFERROR(VLOOKUP(基本資料填寫!$D$1&"-"&ROW(P3),基本資料填寫!$D:$DU,COLUMN(基本資料填寫!W3),0),"") -> EA
B7: =IF(C7="","",COUNTA($C$4:C7)) -> 4 | C7: =IFERROR(VLOOKUP(基本資料填寫!$D$1&"-"&ROW(AP4),基本資料填寫!$D:$DU,COLUMN(基本資料填寫!CM4),0),"") -> 27NYE0823 | D7: =IFERROR(VLOOKUP(基本資料填寫!$D$1&"-"&ROW(L4),基本資料填寫!$D:$DU,COLUMN(基本資料填寫!S4),0),"") -> YETL22085 | E7: =IFERROR(VLOOKUP(基本資料填寫!$D$1&"-"&ROW(N4),基本資料填寫!$D:$DU,COLUMN(基本資料填寫!U4),0),"") -> 1 | W7: =IFERROR(VLOOKUP(基本資料填寫!$D$1&"-"&ROW(P4),基本資料填寫!$D:$DU,COLUMN(基本資料填寫!W4),0),"") -> EA
